Time,Right_hand_fatigue,Right_hand_intermittent,Left_hand_fatigue,Left_hand_intermittent,,
0,3.87021672027,1.71374656307,8.60097312764,3.65456970455,,
0.1,4.08586373599,1.71374656307,16.7820817865,4.73280478315,,
0.2,4.08586373599,2.14504059451,31.2034759629,5.58191490755,,
0.3,5.58191490755,2.36068761023,41.1097607475,6.22885595472,,
0.4,7.95403208048,3.00762865739,43.8996940134,9.2479141748,,
0.5,12.9004355036,4.08586373599,40.6784667161,18.2916108966,,
0.6,19.7876620681,10.5417962691,34.6403502759,35.2872913231,,
0.7,25.3944844769,25.3944844769,33.5755931358,40.4628197004,,
0.8,28.6157117742,38.3063495432,34.6403502759,30.1252408843,,
0.9,29.2626528214,40.8941137318,35.2872913231,8.60097312764,,
1,27.5374766956,38.9532905903,35.0716443073,5.36626789183,,
1.1,26.6883665712,20.4346031153,35.5029383388,4.30151075171,,
1.2,25.8257785083,4.51715776743,36.149879386,4.30151075171,,
1.3,26.041425524,3.43892268883,36.3655264017,5.79756192327,,
1.4,26.6883665712,3.22327567311,35.0716443073,20.4346031153,,
1.5,27.968770727,3.00762865739,35.5029383388,38.5219965589,,
1.6,29.2626528214,2.79198164167,35.9342323702,42.6058119191,,
1.7,29.0470058057,4.30151075171,35.7185853545,37.8750555117,,
1.8,28.8313587899,16.9977288023,36.149879386,26.6883665712,,
1.9,28.6157117742,31.6347699943,36.149879386,14.6256116293,,
2,28.6157117742,35.5029383388,35.9342323702,5.15062087611,,
2.1,28.6157117742,37.0124674488,34.8559972916,3.65456970455,,
2.2,28.4000647585,37.8750555117,33.5755931358,3.65456970455,,
2.3,28.4000647585,31.4191229786,32.2817110415,4.73280478315,,
2.4,28.4000647585,8.1696790962,31.6347699943,11.6200313477,,
2.5,28.8313587899,4.08586373599,30.9878289471,16.5664347708,,
2.6,28.8313587899,2.79198164167,29.9095938685,24.9631904454,,
2.7,28.8313587899,2.36068761023,29.9095938685,30.3408879,,
2.8,29.0470058057,2.14504059451,30.3408879,28.1844177428,,
2.9,29.2626528214,3.22327567311,30.7721819314,24.1006023826,,
3,29.2626528214,18.9385519437,31.6347699943,23.2380143197,,
3.1,29.4782998371,37.0124674488,29.9095938685,17.4290228337,,
3.2,29.2626528214,44.7622820763,25.3944844769,6.87579700188,,
3.3,29.0470058057,46.0561641706,23.6693083511,3.87021672027,,
3.4,29.0470058057,46.2718111863,25.8257785083,3.43892268883,,
3.5,29.0470058057,44.3309880449,25.8257785083,5.15062087611,,
3.6,29.0470058057,12.2534944564,24.7475434297,9.2479141748,,
3.7,29.0470058057,3.22327567311,24.7475434297,21.2971911782,,
3.8,28.4000647585,2.57633462595,43.0371059505,32.9286520886,,
3.9,28.6157117742,2.36068761023,49.4930384837,39.168937606,,
4,28.4000647585,2.36068761023,43.6840469977,38.9532905903,,
4.1,27.5374766956,3.22327567311,40.4628197004,29.0470058057,,
4.2,27.5374766956,20.4346031153,37.0124674488,11.1887373163,,
4.3,26.8905356484,36.149879386,35.0716443073,4.93497386039,,
4.4,27.3218296799,41.7432238562,31.2034759629,3.65456970455,,
4.5,27.3218296799,43.8996940134,28.4000647585,3.22327567311,,
4.6,27.3218296799,43.8996940134,27.3218296799,3.22327567311,,
4.7,27.5374766956,20.8658971468,27.1061826642,6.66014998616,,
4.8,28.1844177428,6.22885595472,25.6101314926,20.0033090839,,
4.9,27.7531237113,3.43892268883,24.3162493983,30.1252408843,,
5,27.7531237113,2.57633462595,23.8849553668,30.9878289471,,
5.1,28.1844177428,2.14504059451,23.8849553668,30.1252408843,,
5.2,28.1844177428,2.57633462595,24.7475434297,27.3218296799,,
5.3,28.4000647585,16.3507877551,26.8905356484,15.0569056608,,
5.4,28.1844177428,34.6403502759,28.4000647585,6.22885595472,,
5.5,27.3218296799,42.1745178876,29.2626528214,4.30151075171,,
5.6,27.7531237113,43.6840469977,29.4782998371,3.43892268883,,
5.7,27.3218296799,43.2527529662,29.9095938685,3.00762865739,,
5.8,26.6883665712,22.5910732725,29.2626528214,4.30151075171,,
5.9,27.5374766956,4.30151075171,28.4000647585,32.4973580572,,
6,28.4000647585,2.57633462595,27.7531237113,47.9969873121,,
6.1,29.4782998371,2.36068761023,28.1844177428,47.7813402964,,
6.2,30.1252408843,2.36068761023,29.0470058057,46.2718111863,,
6.3,30.1252408843,2.79198164167,29.0470058057,42.6058119191,,
6.4,29.9095938685,16.7820817865,29.0470058057,21.0815441625,,
6.5,30.5565349157,31.2034759629,28.4000647585,5.79756192327,,
6.6,30.5565349157,37.0124674488,28.1844177428,3.43892268883,,
6.7,30.1252408843,39.3845846218,28.1844177428,3.00762865739,,
6.8,30.1252408843,39.8158786532,27.5374766956,2.57633462595,,
6.9,30.1252408843,25.1788374612,27.1061826642,2.79198164167,,
7,29.9095938685,4.73280478315,26.2570725398,8.60097312764,,
7.1,29.6939468528,2.36068761023,25.3944844769,19.3698459752,,
7.2,29.9095938685,2.36068761023,24.9631904454,27.1061826642,,
7.3,29.6939468528,1.92939357879,24.7475434297,27.3218296799,,
7.4,29.4782998371,4.30151075171,24.9631904454,24.1006023826,,
7.5,30.5565349157,23.2380143197,24.9631904454,14.4099646136,,
7.6,31.2034759629,36.3655264017,24.7475434297,5.15062087611,,
7.7,31.4191229786,42.1745178876,24.3162493983,3.22327567311,,
7.8,30.5565349157,44.1153410291,24.1006023826,2.57633462595,,
7.9,31.2034759629,46.7031052178,24.1006023826,2.57633462595,,
8,31.4191229786,24.531896414,24.9631904454,7.52273804904,,
8.1,32.7130050729,3.87021672027,25.3944844769,25.1788374612,,
8.2,32.9286520886,2.36068761023,25.6101314926,36.5811734174,,
8.3,33.3599461201,2.36068761023,25.6101314926,41.1097607475,,
8.4,32.4973580572,2.36068761023,25.6101314926,39.8158786532,,
8.5,33.1442991043,6.013208939,25.6101314926,36.7968204331,,
8.6,32.4973580572,33.3599461201,25.6101314926,14.8412586451,,
8.7,32.4973580572,43.6840469977,25.8257785083,3.87021672027,,
8.8,32.4973580572,45.4092231235,26.4727195555,3.00762865739,,
8.9,32.2817110415,46.2718111863,27.968770727,2.79198164167,,
9,32.2817110415,42.6058119191,29.6939468528,2.79198164167,,
9.1,32.2817110415,35.9342323702,29.2626528214,3.22327567311,,
9.2,32.4973580572,10.5417962691,30.5565349157,9.2479141748,,
9.3,32.7130050729,3.87021672027,30.5565349157,25.6101314926,,
9.4,32.7130050729,3.43892268883,30.7721819314,35.0716443073,,
9.5,31.85041701,3.00762865739,30.5565349157,39.6002316375,,
9.6,32.4973580572,2.57633462595,30.3408879,36.149879386,,
9.7,32.9286520886,3.43892268883,29.9095938685,26.2570725398,,
9.8,32.9286520886,15.9194937237,29.9095938685,12.6847884879,,
9.9,32.9286520886,36.3655264017,29.6939468528,3.87021672027,,
10,33.1442991043,41.7432238562,29.4782998371,2.36068761023,,
10.1,33.3599461201,43.0371059505,29.2626528214,2.57633462595,,
10.2,32.9286520886,41.3254077632,28.8313587899,2.36068761023,,
10.3,32.9286520886,33.7912401515,28.6157117742,4.51715776743,,
10.4,32.9286520886,9.46356119053,28.4000647585,15.9194937237,,
10.5,32.7130050729,2.57633462595,28.1844177428,31.85041701,,
10.6,32.7130050729,2.57633462595,27.7531237113,43.0371059505,,
10.7,32.7130050729,2.36068761023,27.7531237113,41.541054779,,
10.8,32.7130050729,2.14504059451,28.1844177428,17.8603168651,,
10.9,32.4973580572,11.8356783635,27.968770727,5.79756192327,,
11,32.7130050729,34.8559972916,28.1844177428,2.79198164167,,
11.1,32.9286520886,41.3254077632,28.1844177428,2.57633462595,,
11.2,33.1442991043,43.0371059505,28.1844177428,2.57633462595,,
11.3,33.5755931358,44.3309880449,28.1844177428,4.73280478315,,
11.4,34.0068871672,33.7912401515,28.6157117742,12.2534944564,,
11.5,33.7912401515,8.1696790962,28.1844177428,24.3162493983,,
11.6,33.5755931358,3.22327567311,28.4000647585,35.2872913231,,
11.7,33.3599461201,2.36068761023,29.2626528214,34.0068871672,,
11.8,32.9286520886,1.92939357879,30.1252408843,21.7284852096,,
11.9,32.9286520886,2.14504059451,29.9095938685,7.52273804904,,
12,32.9286520886,6.87579700188,29.2626528214,4.08586373599,,
12.1,33.1442991043,24.9631904454,29.2626528214,3.00762865739,,
12.2,33.3599461201,34.6403502759,28.8313587899,2.57633462595,,
12.3,32.9286520886,37.0124674488,29.2626528214,4.08586373599,,
12.4,32.9286520886,38.3063495432,29.0470058057,13.5473765507,,
12.5,32.9286520886,40.0315256689,29.2626528214,21.2971911782,,
12.6,32.9286520886,39.3845846218,30.1252408843,30.7721819314,,
12.7,31.6347699943,21.9441322254,32.0660640257,41.541054779,,
12.8,31.6347699943,5.36626789183,32.7130050729,43.0371059505,,
12.9,32.2817110415,2.57633462595,31.85041701,38.0907025274,,
13,32.4973580572,1.92939357879,32.0660640257,29.4782998371,,
13.1,32.4973580572,1.92939357879,31.6347699943,13.9786705822,,
13.2,32.2817110415,3.22327567311,30.9878289471,5.15062087611,,
13.3,32.4973580572,19.7876620681,30.7721819314,3.87021672027,,
13.4,32.4973580572,35.2872913231,31.6347699943,3.87021672027,,
13.5,32.9286520886,41.3254077632,30.9878289471,4.73280478315,,
13.6,32.9286520886,42.1745178876,30.5565349157,7.95403208048,,
13.7,32.9286520886,43.0371059505,30.5565349157,17.6446698494,,
13.8,32.9286520886,41.3254077632,30.3408879,26.4727195555,,
13.9,33.3599461201,14.6256116293,30.5565349157,29.0470058057,,
14,33.3599461201,2.57633462595,30.9878289471,27.7531237113,,
14.1,33.5755931358,2.14504059451,31.6347699943,25.6101314926,,
14.2,34.2090562445,2.14504059451,31.2034759629,24.3162493983,,
14.3,34.2090562445,2.14504059451,31.2034759629,14.6256116293,,
14.4,34.0068871672,6.44450297044,30.9878289471,5.79756192327,,
14.5,34.4247032602,30.1252408843,30.7721819314,3.65456970455,,
14.6,33.5755931358,38.7376435746,29.0470058057,2.79198164167,,
14.7,33.3599461201,41.1097607475,29.4782998371,6.013208939,,
14.8,33.5755931358,41.9588708719,29.9095938685,20.2189560996,,
14.9,33.5755931358,42.3901649034,30.7721819314,28.4000647585,,
15,34.2090562445,27.3218296799,30.3408879,34.0068871672,,
15.1,34.0068871672,13.331729535,30.1252408843,35.5029383388,,
15.2,34.0068871672,3.22327567311,29.4782998371,34.0068871672,,
15.3,33.5755931358,1.92939357879,29.9095938685,32.7130050729,,
15.4,33.5755931358,1.71374656307,30.1252408843,15.0569056608,,
15.5,33.7912401515,1.71374656307,30.1252408843,5.15062087611,,
15.6,33.5755931358,2.36068761023,30.1252408843,3.87021672027,,
15.7,33.5755931358,4.93497386039,30.1252408843,3.43892268883,,
15.8,33.7912401515,15.2725526765,29.9095938685,4.08586373599,,
15.9,33.5755931358,30.9878289471,30.1252408843,14.8412586451,,
16,33.5755931358,40.0315256689,29.4782998371,25.6101314926,,
16.1,33.5755931358,42.6058119191,29.2626528214,32.2817110415,,
16.2,33.5755931358,44.7622820763,29.2626528214,35.0716443073,,
16.3,34.0068871672,43.6840469977,29.0470058057,34.2090562445,,
16.4,33.5755931358,20.8658971468,29.0470058057,32.0660640257,,
16.5,33.5755931358,3.43892268883,28.1844177428,25.8257785083,,
16.6,33.5755931358,1.92939357879,28.8313587899,12.6847884879,,
16.7,33.3599461201,1.71374656307,29.2626528214,5.15062087611,,
16.8,33.3599461201,1.71374656307,28.1844177428,3.87021672027,,
16.9,33.5755931358,1.71374656307,28.6157117742,3.43892268883,,
17,33.5755931358,4.08586373599,28.4000647585,3.87021672027,,
17.1,34.2090562445,13.5473765507,28.8313587899,16.3507877551,,
17.2,34.4247032602,24.7475434297,28.8313587899,31.4191229786,,
17.3,33.5755931358,33.5755931358,29.0470058057,34.8559972916,,
17.4,33.5755931358,36.5811734174,29.4782998371,35.0716443073,,
17.5,33.5755931358,39.8158786532,29.6939468528,35.0716443073,,
17.6,33.5755931358,41.1097607475,29.9095938685,33.5755931358,,
17.7,33.3599461201,37.0124674488,30.5565349157,18.9385519437,,
17.8,32.9286520886,36.5811734174,30.9878289471,6.013208939,,
17.9,32.7130050729,28.4000647585,31.2034759629,3.43892268883,,
18,32.9286520886,5.15062087611,31.2034759629,3.22327567311,,
18.1,32.7130050729,1.49809954735,31.4191229786,3.43892268883,,
18.2,32.9286520886,1.49809954735,31.6347699943,6.66014998616,,
18.3,32.7130050729,1.71374656307,30.9878289471,23.6693083511,,
18.4,32.2817110415,2.14504059451,31.4191229786,30.5565349157,,
18.5,32.4973580572,9.03226715908,32.4973580572,31.6347699943,,
18.6,32.7130050729,29.9095938685,33.7912401515,31.2034759629,,
18.7,33.3599461201,36.149879386,33.7912401515,30.9878289471,,
18.8,32.7130050729,38.9532905903,34.0068871672,27.5374766956,,
18.9,31.4191229786,40.8941137318,34.4247032602,21.5128381939,,
19,31.85041701,38.5219965589,33.7912401515,10.9730903006,,
19.1,31.6347699943,25.6101314926,32.7130050729,4.93497386039,,
19.2,31.85041701,7.95403208048,31.85041701,3.65456970455,,
19.3,31.6347699943,2.14504059451,31.2034759629,3.65456970455,,
19.4,31.85041701,1.49809954735,30.3408879,3.65456970455,,
19.5,31.2034759629,1.49809954735,30.1252408843,3.87021672027,,
19.6,30.9878289471,1.71374656307,30.7721819314,4.08586373599,,
19.7,31.4191229786,1.71374656307,31.6347699943,4.30151075171,,
19.8,31.85041701,1.71374656307,31.85041701,4.30151075171,,
19.9,31.6347699943,1.71374656307,30.9878289471,4.51715776743,,
20,32.2817110415,1.71374656307,31.4191229786,4.51715776743,,
20.1,32.2817110415,1.71374656307,31.2034759629,4.51715776743,,
20.2,32.7130050729,1.92939357879,31.2034759629,4.51715776743,,
20.3,32.9286520886,1.92939357879,30.9878289471,4.73280478315,,
20.4,32.9286520886,1.92939357879,29.9095938685,4.51715776743,,
20.5,32.9286520886,1.92939357879,30.3408879,4.51715776743,,
20.6,33.1442991043,1.92939357879,30.7721819314,4.51715776743,,
20.7,32.9286520886,3.43892268883,31.4191229786,4.51715776743,,
20.8,32.7130050729,16.3507877551,32.9286520886,4.08586373599,,
20.9,32.7130050729,35.0716443073,34.4247032602,3.43892268883,,
21,32.7130050729,47.3500462649,35.5029383388,2.57633462595,,
21.1,32.7130050729,58.105441174,35.5029383388,2.36068761023,,
21.2,32.7130050729,68.8743140216,35.2872913231,2.36068761023,,
21.3,32.4973580572,80.9235910249,34.4247032602,2.36068761023,,
21.4,32.7130050729,89.9672877467,33.7912401515,2.36068761023,,
21.5,31.85041701,97.7171023742,33.5755931358,2.36068761023,,
21.6,32.2817110415,104.604328939,32.7130050729,2.36068761023,,
21.7,32.2817110415,109.11943833,32.2817110415,8.1696790962,,
21.8,31.4191229786,110.413320425,32.4973580572,49.7086854994,,
21.9,32.0660640257,66.7178438643,32.4973580572,77.0554226805,,
22,32.2817110415,5.58191490755,31.6347699943,84.8052373079,,
22.1,33.3599461201,1.28245253162,31.4191229786,93.4041620598,,
22.2,33.7912401515,1.28245253162,31.2034759629,93.6198090755,,
22.3,33.3599461201,1.0668055159,30.9878289471,88.0264646052,,
22.4,32.9286520886,0.851158500183,30.5565349157,49.9243325151,,
22.5,33.3599461201,1.92939357879,30.1252408843,12.9004355036,,
22.6,34.2090562445,2.14504059451,30.1252408843,5.15062087611,,
22.7,34.4247032602,2.36068761023,30.1252408843,3.43892268883,,
22.8,33.7912401515,4.73280478315,29.9095938685,2.57633462595,,
22.9,34.0068871672,18.2916108966,29.2626528214,2.79198164167,,
23,32.9286520886,53.5903317824,28.4000647585,3.22327567311,,
23.1,33.5755931358,69.7369020844,28.6157117742,4.93497386039,,
23.2,33.7912401515,74.0363644604,28.6157117742,21.7284852096,,
23.3,34.0068871672,74.0363644604,28.8313587899,67.7960789429,,
23.4,33.7912401515,74.8989525232,28.6157117742,73.3894234132,,
23.5,34.0068871672,74.2520114761,28.6157117742,77.0554226805,,
23.6,34.2090562445,75.7615405861,29.0470058057,79.1984148992,,
23.7,34.6403502759,85.0208843236,28.8313587899,82.2174731193,,
23.8,35.2872913231,97.2858083427,29.0470058057,78.3358268363,,
23.9,35.9342323702,84.3739432765,28.8313587899,57.2428531111,,
24,35.7185853545,14.4099646136,28.4000647585,20.4346031153,,
24.1,36.3655264017,2.57633462595,28.8313587899,5.36626789183,,
24.2,36.3655264017,1.71374656307,29.2626528214,3.22327567311,,
24.3,36.3655264017,1.71374656307,29.9095938685,1.92939357879,,
24.4,35.9342323702,1.71374656307,29.6939468528,1.28245253162,,
24.5,36.149879386,1.92939357879,29.6939468528,1.49809954735,,
24.6,36.7968204331,1.71374656307,29.6939468528,1.71374656307,,
24.7,36.7968204331,1.92939357879,29.2626528214,2.79198164167,,
24.8,35.9342323702,1.92939357879,29.2626528214,4.30151075171,,
24.9,35.9342323702,3.22327567311,29.6939468528,13.1160825193,,
25,35.9342323702,12.9004355036,30.3408879,64.3457266914,,
25.1,35.5029383388,44.977929092,30.3408879,91.4768168568,,
25.2,35.2872913231,70.5994901473,30.3408879,99.0109844685,,
25.3,35.0716443073,92.3394049197,30.7721819314,92.1237579039,,
25.4,35.2872913231,100.50703564,30.5565349157,68.8743140216,,
25.5,35.2872913231,101.369623703,29.9095938685,15.4881996922,,
25.6,35.2872913231,95.9919262484,30.5565349157,4.51715776743,,
25.7,35.5029383388,33.7912401515,29.6939468528,2.57633462595,,
25.8,34.6403502759,4.93497386039,29.6939468528,1.49809954735,,
25.9,34.6403502759,2.14504059451,29.9095938685,1.0668055159,,
26,34.6403502759,1.92939357879,29.9095938685,0.851158500183,,
26.1,34.4247032602,1.92939357879,29.9095938685,1.28245253162,,
26.2,34.4247032602,1.92939357879,30.3408879,1.28245253162,,
26.3,34.4247032602,1.92939357879,30.5565349157,2.14504059451,,
26.4,34.4247032602,2.14504059451,30.3408879,13.5473765507,,
26.5,34.8559972916,1.92939357879,29.9095938685,60.2619113312,,
26.6,34.6403502759,1.92939357879,29.9095938685,81.3548850564,,
26.7,35.2872913231,2.36068761023,29.6939468528,76.624128649,,
26.8,35.9342323702,6.013208939,29.4782998371,70.1681961159,,
26.9,35.7185853545,19.5720150524,29.9095938685,56.595912064,,
27,35.2872913231,53.3746847666,30.9878289471,13.7630235665,,
27.1,35.2872913231,66.5021968486,30.7721819314,5.36626789183,,
27.2,34.2090562445,80.7079440092,30.9878289471,3.65456970455,,
27.3,34.0068871672,86.0856414638,30.9878289471,3.00762865739,,
27.4,34.0068871672,87.5951705738,31.4191229786,2.57633462595,,
27.5,34.0068871672,87.8108175895,31.6347699943,2.57633462595,,
27.6,34.4247032602,89.3203466996,31.4191229786,2.79198164167,,
27.7,35.0716443073,47.9969873121,30.9878289471,3.22327567311,,
27.8,34.4247032602,7.30709103332,31.6347699943,6.22885595472,,
27.9,34.4247032602,2.36068761023,31.6347699943,12.0513253792,,
28,34.4247032602,1.71374656307,31.4191229786,23.022367304,,
28.1,35.0716443073,1.71374656307,31.6347699943,59.3993232683,,
28.2,36.149879386,1.92939357879,32.4973580572,82.2174731193,,
28.3,37.0124674488,1.71374656307,33.1442991043,85.0208843236,,
28.4,38.3063495432,1.71374656307,33.1442991043,85.2365313394,,
28.5,39.8158786532,1.49809954735,33.1442991043,80.0610029621,,
28.6,40.4628197004,2.14504059451,32.9286520886,55.7468019396,,
28.7,41.1097607475,1.71374656307,32.9286520886,16.1351407394,,
28.8,41.1097607475,4.08586373599,32.9286520886,4.51715776743,,
28.9,40.4628197004,40.2471726846,32.4973580572,3.00762865739,,
29,39.8158786532,70.5994901473,32.0660640257,3.00762865739,,
29.1,39.3845846218,78.9827678835,32.7130050729,3.22327567311,,
29.2,38.0907025274,81.5705320721,33.5755931358,3.22327567311,,
29.3,35.9342323702,83.2957081979,34.0068871672,3.00762865739,,
29.4,36.149879386,85.0208843236,33.7912401515,3.22327567311,,
29.5,38.0907025274,67.1491378958,33.5755931358,3.00762865739,,
29.6,38.7376435746,29.2626528214,33.5755931358,3.22327567311,,
29.7,38.0907025274,4.30151075171,32.7130050729,3.00762865739,,
29.8,38.0907025274,1.71374656307,32.2817110415,3.00762865739,,
29.9,38.0907025274,1.71374656307,32.4973580572,4.73280478315,,
30,37.8750555117,1.71374656307,32.7130050729,38.7376435746,,
30.1,37.8750555117,1.71374656307,32.4973580572,77.4867167119,,
30.2,37.0124674488,1.49809954735,32.4973580572,82.8644141664,,
30.3,37.0124674488,1.49809954735,32.4973580572,79.8453559463,,
30.4,37.0124674488,1.71374656307,32.9286520886,78.9827678835,,
30.5,37.8750555117,1.71374656307,32.4973580572,76.1928346176,,
30.6,37.8750555117,1.92939357879,31.85041701,39.168937606,,
30.7,37.0124674488,15.0569056608,32.2817110415,7.73838506476,,
30.8,36.3655264017,49.4930384837,32.4973580572,4.93497386039,,
30.9,36.149879386,76.4084816333,32.2817110415,4.51715776743,,
31,35.9342323702,95.560632217,32.2817110415,4.30151075171,,
31.1,36.149879386,103.957387892,32.2817110415,4.08586373599,,
31.2,36.149879386,108.041203252,32.7130050729,3.87021672027,,
31.3,35.9342323702,104.604328939,32.0660640257,3.65456970455,,
31.4,36.3655264017,72.3111883346,31.6347699943,3.65456970455,,
31.5,37.0124674488,8.81662014336,32.4973580572,3.43892268883,,
31.6,37.8750555117,2.36068761023,32.7130050729,3.43892268883,,
31.7,37.8750555117,2.14504059451,32.4973580572,6.87579700188,,
31.8,38.0907025274,1.92939357879,32.4973580572,35.7185853545,,
31.9,37.8750555117,1.92939357879,32.4973580572,66.2865498329,,
32,37.0124674488,1.71374656307,32.2817110415,68.8743140216,,
32.1,36.7968204331,1.71374656307,32.2817110415,68.0117259587,,
32.2,36.3655264017,1.71374656307,32.0660640257,68.6586670058,,
32.3,36.149879386,1.71374656307,32.2817110415,70.815137163,,
32.4,36.149879386,1.92939357879,32.2817110415,73.8207174446,,
32.5,36.149879386,1.71374656307,31.85041701,73.8207174446,,
32.6,36.149879386,1.92939357879,31.2034759629,39.6002316375,,
32.7,36.3655264017,4.93497386039,30.7721819314,9.03226715908,,
32.8,36.3655264017,37.8750555117,30.5565349157,3.87021672027,,
32.9,35.9342323702,70.5994901473,30.1252408843,2.79198164167,,
33,36.149879386,78.9827678835,29.9095938685,2.79198164167,,
33.1,36.149879386,89.1046996838,29.9095938685,2.79198164167,,
33.2,36.3655264017,93.1885150441,29.2626528214,3.00762865739,,
33.3,36.5811734174,93.1885150441,29.4782998371,3.22327567311,,
33.4,36.149879386,93.4041620598,29.4782998371,3.65456970455,,
33.5,36.149879386,90.1829347624,29.2626528214,3.87021672027,,
33.6,35.7185853545,72.0955413189,29.2626528214,5.15062087611,,
33.7,35.7185853545,11.8356783635,28.6157117742,36.7968204331,,
33.8,36.5811734174,2.57633462595,28.8313587899,77.0554226805,,
33.9,35.7185853545,1.71374656307,28.8313587899,94.0511031069,,
34,34.4247032602,1.71374656307,29.0470058057,95.560632217,,
34.1,34.2090562445,1.49809954735,29.0470058057,99.2266314842,,
34.2,35.0716443073,1.71374656307,29.2626528214,93.1885150441,,
34.3,34.4247032602,1.49809954735,29.2626528214,53.1590377509,,
34.4,34.4247032602,1.49809954735,29.2626528214,15.2725526765,,
34.5,34.4247032602,1.71374656307,29.2626528214,5.58191490755,,
34.6,33.7912401515,7.73838506476,29.2626528214,4.08586373599,,
34.7,34.6403502759,34.4247032602,29.2626528214,3.65456970455,,
34.8,34.6403502759,57.2428531111,29.0470058057,3.43892268883,,
34.9,34.4247032602,72.742482366,29.2626528214,3.43892268883,,
35,35.0716443073,91.261169841,29.4782998371,3.22327567311,,
35.1,35.5029383388,99.0109844685,29.2626528214,3.22327567311,,
35.2,35.7185853545,103.957387892,29.2626528214,3.22327567311,,
35.3,35.0716443073,94.2667501227,29.2626528214,3.22327567311,,
35.4,34.4247032602,45.8405171549,29.0470058057,3.22327567311,,
35.5,34.2090562445,6.66014998616,29.9095938685,4.08586373599,,
35.6,34.0068871672,2.57633462595,29.4782998371,40.8941137318,,
35.7,34.2090562445,1.71374656307,29.4782998371,80.9235910249,,
35.8,33.5755931358,1.71374656307,29.4782998371,99.4422784999,,
35.9,34.4247032602,1.71374656307,29.4782998371,106.54515208,,
36,33.5755931358,1.49809954735,29.6939468528,101.153976687,,
36.1,33.3599461201,1.49809954735,29.4782998371,97.9327493899,,
36.2,34.6403502759,1.49809954735,29.0470058057,52.5120967038,,
36.3,33.1442991043,1.71374656307,29.2626528214,9.89485522197,,
36.4,34.4247032602,1.49809954735,28.1844177428,4.73280478315,,
36.5,35.0716443073,1.71374656307,28.1844177428,3.87021672027,,
36.6,35.0716443073,1.71374656307,28.4000647585,3.43892268883,,
36.7,34.6403502759,3.22327567311,27.7531237113,3.43892268883,,
36.8,35.0716443073,15.0569056608,27.968770727,3.22327567311,,
36.9,36.149879386,44.3309880449,27.5374766956,3.22327567311,,
37,36.149879386,61.1244993941,26.6883665712,3.22327567311,,
37.1,36.3655264017,66.2865498329,26.6883665712,3.22327567311,,
37.2,35.9342323702,64.1300796757,27.1061826642,3.22327567311,,
37.3,35.2872913231,64.3457266914,27.1061826642,3.22327567311,,
37.4,35.5029383388,67.1491378958,27.3218296799,10.5417962691,,
37.5,35.2872913231,70.1681961159,27.5374766956,55.3155079081,,
37.6,35.5029383388,73.3894234132,27.7531237113,84.1582962607,,
37.7,35.5029383388,79.4140619149,27.968770727,80.0610029621,,
37.8,35.7185853545,85.2365313394,27.7531237113,78.9827678835,,
37.9,35.5029383388,78.9827678835,27.968770727,76.4084816333,,
38,36.149879386,87.1638765424,27.7531237113,41.1097607475,,
38.1,36.149879386,46.2718111863,27.968770727,8.60097312764,,
38.2,36.3655264017,4.73280478315,27.5374766956,5.15062087611,,
38.3,37.0124674488,1.71374656307,27.5374766956,4.08586373599,,
38.4,38.0907025274,1.71374656307,27.5374766956,3.65456970455,,
38.5,38.0907025274,1.71374656307,27.968770727,3.65456970455,,
38.6,37.8750555117,1.71374656307,27.7531237113,3.43892268883,,
38.7,37.0124674488,1.71374656307,27.7531237113,3.43892268883,,
38.8,38.3063495432,1.71374656307,27.7531237113,3.43892268883,,
38.9,39.168937606,1.71374656307,27.3218296799,3.43892268883,,
39,39.168937606,1.71374656307,27.7531237113,3.43892268883,,
39.1,38.7376435746,1.71374656307,27.5374766956,3.43892268883,,
39.2,39.168937606,1.71374656307,27.3218296799,3.43892268883,,
39.3,39.168937606,1.71374656307,27.3218296799,3.43892268883,,
39.4,39.3845846218,1.71374656307,27.5374766956,3.43892268883,,
39.5,39.168937606,1.71374656307,27.5374766956,3.43892268883,,
39.6,39.168937606,1.71374656307,26.6883665712,3.43892268883,,
39.7,38.7376435746,1.71374656307,26.8905356484,3.43892268883,,
39.8,38.9532905903,1.71374656307,27.5374766956,3.43892268883,,
39.9,37.8750555117,1.71374656307,27.3218296799,3.43892268883,,
40,37.0124674488,1.71374656307,27.7531237113,3.43892268883,,
40.1,37.8750555117,1.71374656307,27.5374766956,3.43892268883,,
40.2,37.8750555117,1.71374656307,27.3218296799,3.43892268883,,
40.3,36.7968204331,1.71374656307,27.3218296799,3.43892268883,,
40.4,37.0124674488,1.71374656307,27.1061826642,3.65456970455,,
40.5,36.7968204331,1.71374656307,27.1061826642,3.43892268883,,
40.6,37.8750555117,1.71374656307,26.8905356484,3.43892268883,,
40.7,38.7376435746,1.71374656307,27.1061826642,3.43892268883,,
40.8,38.5219965589,1.71374656307,27.3218296799,3.43892268883,,
40.9,38.3063495432,1.71374656307,27.3218296799,3.43892268883,,
41,38.5219965589,1.71374656307,27.3218296799,3.43892268883,,
41.1,38.3063495432,1.92939357879,26.8905356484,3.43892268883,,
41.2,38.7376435746,1.92939357879,27.1061826642,3.43892268883,,
41.3,38.9532905903,1.92939357879,27.1061826642,3.65456970455,,
41.4,38.9532905903,1.92939357879,26.8905356484,3.43892268883,,
41.5,38.7376435746,1.92939357879,26.6883665712,2.79198164167,,
41.6,38.5219965589,1.92939357879,26.6883665712,3.00762865739,,
41.7,38.7376435746,1.92939357879,26.6883665712,3.22327567311,,
41.8,37.0124674488,2.14504059451,26.6883665712,3.00762865739,,
41.9,37.8750555117,2.14504059451,26.2570725398,3.00762865739,,
42,38.5219965589,2.57633462595,26.041425524,2.57633462595,,
42.1,36.3655264017,6.66014998616,25.6101314926,2.57633462595,,
42.2,37.8750555117,36.149879386,25.8257785083,6.44450297044,,
42.3,39.168937606,67.7960789429,25.1788374612,57.0272060954,,
42.4,39.6002316375,81.1392380407,25.3944844769,107.407740143,,
42.5,39.6002316375,94.6980441541,25.6101314926,116.006664895,,
42.6,39.6002316375,101.369623703,25.6101314926,117.947488036,,
42.7,39.3845846218,106.329505065,25.6101314926,126.344243711,,
42.8,37.8750555117,112.569790582,25.6101314926,123.972126538,,
42.9,36.7968204331,123.325185491,25.6101314926,66.9334908801,,
43,37.8750555117,129.363301931,25.3944844769,21.2971911782,,
43.1,38.7376435746,130.212412056,25.1788374612,7.73838506476,,
43.2,38.5219965589,130.428059071,24.9631904454,3.87021672027,,
43.3,38.5219965589,95.560632217,24.7475434297,3.00762865739,,
43.4,37.8750555117,17.8603168651,24.7475434297,3.00762865739,,
43.5,36.7968204331,2.36068761023,24.7475434297,2.79198164167,,
43.6,36.3655264017,0.204217453022,24.9631904454,2.57633462595,,
43.7,38.0907025274,-0.011429562699,24.9631904454,3.00762865739,,
43.8,40.4628197004,0.204217453022,24.9631904454,11.6200313477,,
43.9,40.8941137318,0.204217453022,25.3944844769,101.800917734,,
44,40.6784667161,0.635511484463,25.6101314926,139.471755793,,
44.1,39.6002316375,3.22327567311,25.6101314926,142.922108045,,
44.2,39.6002316375,8.60097312764,25.3944844769,143.13775506,,
44.3,39.8158786532,41.9588708719,25.1788374612,140.334343856,,
44.4,39.6002316375,90.8298758096,25.1788374612,136.897469543,,
44.5,39.8158786532,103.741740876,25.1788374612,77.7023637276,,
44.6,40.2471726846,106.760799096,25.3944844769,21.5128381939,,
44.7,40.2471726846,111.707202519,24.7475434297,7.0914440176,,
44.8,40.4628197004,111.707202519,24.9631904454,4.08586373599,,
44.9,40.4628197004,114.941907755,24.7475434297,3.43892268883,,
45,40.4628197004,118.378782068,24.531896414,3.22327567311,,
45.1,40.4628197004,116.437958926,24.531896414,2.79198164167,,
45.2,40.0315256689,117.731841021,24.3162493983,2.57633462595,,
45.3,39.3845846218,115.144076832,24.3162493983,2.57633462595,,
45.4,39.6002316375,84.8052373079,24.3162493983,25.6101314926,,
45.5,40.6784667161,15.9194937237,24.531896414,114.941907755,,
45.6,40.4628197004,3.22327567311,24.1006023826,131.290647134,,
45.7,39.8158786532,1.71374656307,23.8849553668,118.163135052,,
45.8,39.8158786532,1.71374656307,23.6693083511,121.182193272,,
45.9,39.8158786532,1.49809954735,23.6693083511,122.462597428,,
46,39.3845846218,1.71374656307,23.4536613354,115.144076832,,
46.1,39.6002316375,1.49809954735,23.2380143197,77.7023637276,,
46.2,39.168937606,2.36068761023,22.8067202882,17.4290228337,,
46.3,39.6002316375,44.977929092,22.5910732725,4.93497386039,,
46.4,40.2471726846,94.6980441541,23.4536613354,3.22327567311,,
46.5,40.0315256689,111.491555503,23.8849553668,3.00762865739,,
46.6,40.6784667161,115.575370864,23.8849553668,2.57633462595,,
46.7,40.4628197004,116.222311911,23.6693083511,2.57633462595,,
46.8,40.0315256689,116.653605942,23.6693083511,3.22327567311,,
46.9,39.8158786532,118.378782068,23.6693083511,3.65456970455,,
47,39.6002316375,123.540832507,23.6693083511,36.5811734174,,
47.1,38.9532905903,120.966546257,23.6693083511,117.516194005,,
47.2,38.9532905903,122.044781335,23.6693083511,127.42247879,,
47.3,38.5219965589,85.869994448,23.4536613354,130.643706087,,
47.4,38.7376435746,23.2380143197,23.2380143197,134.094058339,,
47.5,38.7376435746,3.65456970455,23.022367304,137.962226683,,
47.6,38.3063495432,1.71374656307,23.022367304,128.285066853,,
47.7,36.3655264017,1.28245253162,23.2380143197,96.4232202799,,
47.8,36.7968204331,1.0668055159,23.6693083511,18.5072579123,,
47.9,34.8559972916,1.28245253162,23.6693083511,4.73280478315,,
48,35.7185853545,1.28245253162,24.1006023826,3.22327567311,,
48.1,36.149879386,1.49809954735,23.8849553668,3.00762865739,,
48.2,35.9342323702,3.43892268883,23.4536613354,2.79198164167,,
48.3,35.0716443073,52.7277437195,23.6693083511,2.79198164167,,
48.4,35.0716443073,86.7325825109,23.8849553668,2.57633462595,,
48.5,35.5029383388,104.604328939,23.8849553668,3.22327567311,,
48.6,35.2872913231,111.060261472,23.6693083511,12.9004355036,,
48.7,35.2872913231,112.785437598,23.6693083511,95.9919262484,,
48.8,35.0716443073,115.359723848,23.8849553668,122.462597428,,
48.9,35.5029383388,114.294966708,23.8849553668,129.363301931,,
49,35.2872913231,112.569790582,23.4536613354,137.746579667,,
49.1,35.2872913231,114.941907755,23.2380143197,141.196931919,,
49.2,34.8559972916,106.54515208,23.4536613354,142.922108045,,
49.3,34.8559972916,60.0462643155,23.2380143197,143.13775506,,
49.4,34.6403502759,10.1105022377,23.2380143197,136.03488148,,
49.5,34.4247032602,1.71374656307,23.6693083511,74.8989525232,,
49.6,35.5029383388,1.0668055159,24.1006023826,20.650250131,,
49.7,35.2872913231,0.851158500183,24.3162493983,5.15062087611,,
49.8,34.6403502759,0.851158500183,24.1006023826,3.22327567311,,
49.9,35.0716443073,0.851158500183,23.6693083511,2.57633462595,,
50,34.8559972916,1.28245253162,24.1006023826,2.57633462595,,
50.1,34.4247032602,2.36068761023,24.1006023826,3.00762865739,,
50.2,34.2090562445,6.44450297044,24.1006023826,2.57633462595,,
50.3,34.0068871672,16.5664347708,24.1006023826,2.36068761023,,
50.4,34.2090562445,53.5903317824,24.1006023826,33.5755931358,,
50.5,34.4247032602,93.4041620598,24.1006023826,108.472497283,,
50.6,34.2090562445,105.682564017,24.3162493983,118.810076099,,
50.7,33.3599461201,106.976446112,24.3162493983,127.42247879,,
50.8,33.7912401515,101.585270719,24.1006023826,129.781118024,,
50.9,33.5755931358,102.232211766,24.3162493983,133.447117291,,
51,33.3599461201,102.879152813,24.1006023826,135.172293417,,
51.1,33.3599461201,106.54515208,24.1006023826,132.800176244,,
51.2,33.3599461201,95.3449852013,24.1006023826,84.5895902922,,
51.3,33.3599461201,21.5128381939,24.1006023826,21.5128381939,,
51.4,33.1442991043,3.00762865739,24.1006023826,6.013208939,,
51.5,33.3599461201,0.635511484463,23.8849553668,3.43892268883,,
51.6,32.2817110415,0.204217453022,23.022367304,3.00762865739,,
51.7,32.4973580572,3.00762865739,23.2380143197,2.79198164167,,
51.8,31.4191229786,3.22327567311,23.6693083511,2.57633462595,,
51.9,31.6347699943,1.71374656307,23.8849553668,2.36068761023,,
52,32.0660640257,0.204217453022,23.8849553668,2.36068761023,,
52.1,32.7130050729,3.22327567311,23.8849553668,12.4691414721,,
52.2,33.1442991043,26.6883665712,23.6693083511,97.5014553585,,
52.3,31.6347699943,82.0018261035,23.4536613354,113.648025661,,
52.4,31.6347699943,99.0109844685,23.4536613354,113.001084613,,
52.5,31.6347699943,111.707202519,23.4536613354,113.432378645,,
52.6,31.2034759629,119.025723115,23.2380143197,114.726260739,,
52.7,30.9878289471,123.540832507,23.2380143197,113.648025661,,
52.8,30.9878289471,122.89389146,23.2380143197,109.335085346,,
52.9,30.9878289471,122.260428351,23.2380143197,63.6987856443,,
53,30.9878289471,108.256850268,22.8067202882,13.5473765507,,
53.1,30.5565349157,34.4247032602,22.3754262568,4.30151075171,,
53.2,30.7721819314,6.44450297044,22.5910732725,2.57633462595,,
53.3,30.5565349157,3.43892268883,22.3754262568,2.36068761023,,
53.4,30.7721819314,2.57633462595,22.3754262568,1.92939357879,,
53.5,32.2817110415,2.36068761023,22.3754262568,1.92939357879,,
53.6,32.2817110415,2.14504059451,22.3754262568,1.92939357879,,
53.7,32.2817110415,2.14504059451,22.8067202882,1.71374656307,,
53.8,32.4973580572,1.92939357879,22.8067202882,1.71374656307,,
53.9,32.4973580572,2.14504059451,22.5910732725,1.0668055159,,
54,32.2817110415,5.15062087611,22.5910732725,1.28245253162,,
54.1,31.85041701,42.3901649034,22.3754262568,4.51715776743,,
54.2,32.2817110415,78.3358268363,22.5910732725,80.7079440092,,
54.3,32.2817110415,91.0455228253,22.8067202882,109.766379378,,
54.4,31.6347699943,93.6198090755,22.5910732725,114.941907755,,
54.5,30.9878289471,99.2266314842,22.3754262568,116.869252958,,
54.6,31.6347699943,103.52609386,22.5910732725,126.559890727,,
54.7,32.0660640257,105.898211033,22.5910732725,131.721941166,,
54.8,31.6347699943,105.466917002,22.1597792411,138.393520714,,
54.9,31.2034759629,103.310446844,22.1597792411,109.982026393,,
55,30.9878289471,105.251269986,21.9441322254,28.1844177428,,
55.1,31.2034759629,107.825556236,21.7284852096,7.95403208048,,
55.2,30.9878289471,87.8108175895,21.5128381939,4.08586373599,,
55.3,30.7721819314,16.3507877551,21.9441322254,3.65456970455,,
55.4,30.7721819314,3.22327567311,22.1597792411,3.22327567311,,
55.5,30.9878289471,2.14504059451,21.7284852096,3.22327567311,,
55.6,30.7721819314,1.92939357879,21.5128381939,2.79198164167,,
55.7,30.5565349157,1.71374656307,21.7284852096,3.00762865739,,
55.8,30.1252408843,1.71374656307,21.7284852096,3.00762865739,,
55.9,30.3408879,1.71374656307,21.7284852096,3.00762865739,,
56,30.5565349157,1.71374656307,21.9441322254,3.22327567311,,
56.1,29.4782998371,1.71374656307,21.9441322254,3.22327567311,,
56.2,29.9095938685,1.71374656307,21.9441322254,22.5910732725,,
56.3,29.9095938685,1.71374656307,21.5128381939,113.001084613,,
56.4,30.1252408843,1.71374656307,21.5128381939,115.791017879,,
56.5,30.3408879,1.71374656307,21.2971911782,112.354143566,,
56.6,30.1252408843,1.71374656307,21.2971911782,110.844614456,,
56.7,30.1252408843,1.92939357879,20.8658971468,111.060261472,,
56.8,30.3408879,2.14504059451,20.4346031153,111.922849535,,
56.9,30.1252408843,4.51715776743,20.4346031153,114.941907755,,
57,30.1252408843,24.1006023826,20.4346031153,89.3203466996,,
57.1,30.1252408843,72.9581293818,20.4346031153,18.9385519437,,
57.2,29.4782998371,88.6734056524,20.4346031153,4.93497386039,,
57.3,29.9095938685,93.8354560912,20.4346031153,3.00762865739,,
57.4,30.1252408843,96.2075732641,20.2189560996,2.79198164167,,
57.5,29.6939468528,99.8735725314,20.2189560996,2.36068761023,,
57.6,30.1252408843,103.310446844,19.7876620681,2.36068761023,,
57.7,30.1252408843,108.041203252,19.5720150524,2.79198164167,,
57.8,29.6939468528,107.623387159,19.5720150524,31.6347699943,,
57.9,30.1252408843,107.192093127,19.5720150524,106.976446112,,
58,29.9095938685,110.844614456,19.5720150524,106.329505065,,
58.1,29.4782998371,107.623387159,19.7876620681,103.52609386,,
58.2,29.4782998371,106.976446112,19.7876620681,114.294966708,,
58.3,29.4782998371,99.8735725314,19.7876620681,123.109538475,,
58.4,29.4782998371,31.85041701,19.5720150524,128.716360884,,
58.5,29.4782998371,3.87021672027,19.7876620681,126.344243711,,
58.6,29.4782998371,1.49809954735,19.7876620681,71.4486002717,,
58.7,29.2626528214,1.49809954735,19.7876620681,17.6446698494,,
58.8,28.8313587899,1.49809954735,19.7876620681,3.65456970455,,
58.9,28.8313587899,1.49809954735,19.7876620681,2.57633462595,,
59,29.0470058057,1.49809954735,19.7876620681,2.57633462595,,
59.1,29.0470058057,1.49809954735,19.7876620681,2.36068761023,,
59.2,29.2626528214,1.49809954735,19.7876620681,2.36068761023,,
59.3,29.0470058057,1.49809954735,20.0033090839,2.14504059451,,
59.4,29.2626528214,1.49809954735,19.7876620681,2.36068761023,,
59.5,28.4000647585,1.49809954735,19.5720150524,2.36068761023,,
59.6,28.8313587899,1.49809954735,19.5720150524,2.36068761023,,
59.7,28.6157117742,1.71374656307,19.5720150524,2.36068761023,,
59.8,29.2626528214,1.49809954735,19.7876620681,2.36068761023,,
59.9,28.1844177428,1.49809954735,19.7876620681,2.36068761023,,
60,26.6883665712,1.49809954735,19.7876620681,2.36068761023,,
60.1,26.6883665712,,19.5720150524,,,
60.2,26.6883665712,,19.5720150524,,,
60.3,25.8257785083,,19.5720150524,,,
60.4,25.6101314926,,19.5720150524,,,
60.5,26.041425524,,19.7876620681,,,
60.6,26.6883665712,,20.2189560996,,,
60.7,26.6883665712,,20.2189560996,,,
60.8,26.6883665712,,19.7876620681,,,
60.9,27.3218296799,,19.3698459752,,,
61,28.1844177428,,19.1541989595,,,
61.1,28.1844177428,,19.5720150524,,,
61.2,28.1844177428,,19.7876620681,,,
61.3,28.1844177428,,19.5720150524,,,
61.4,28.4000647585,,19.3698459752,,,
61.5,28.4000647585,,19.3698459752,,,
61.6,28.4000647585,,19.1541989595,,,
61.7,28.8313587899,,19.1541989595,,,
61.8,29.0470058057,,19.7876620681,,,
61.9,29.0470058057,,19.5720150524,,,
62,29.2626528214,,18.5072579123,,,
62.1,28.8313587899,,18.0759638809,,,
62.2,29.0470058057,,18.2916108966,,,
62.3,28.8313587899,,19.1541989595,,,
62.4,28.4000647585,,19.5720150524,,,
62.5,28.1844177428,,18.9385519437,,,
62.6,28.1844177428,,17.8603168651,,,
62.7,27.968770727,,17.8603168651,,,
62.8,28.1844177428,,18.2916108966,,,
62.9,28.1844177428,,17.4290228337,,,
63,27.5374766956,,17.8603168651,,,
63.1,27.5374766956,,18.5072579123,,,
63.2,27.5374766956,,18.5072579123,,,
63.3,27.5374766956,,18.0759638809,,,
63.4,27.968770727,,18.0759638809,,,
63.5,28.1844177428,,17.213375818,,,
63.6,27.5374766956,,17.213375818,,,
63.7,27.5374766956,,17.4290228337,,,
63.8,27.7531237113,,17.8603168651,,,
63.9,27.968770727,,17.8603168651,,,
64,27.968770727,,17.213375818,,,
64.1,27.968770727,,16.9977288023,,,
64.2,27.968770727,,17.213375818,,,
64.3,27.968770727,,17.6446698494,,,
64.4,27.7531237113,,18.0759638809,,,
64.5,27.3218296799,,18.2916108966,,,
64.6,27.7531237113,,18.2916108966,,,
64.7,27.7531237113,,18.2916108966,,,
64.8,27.7531237113,,18.722904928,,,
64.9,27.7531237113,,18.722904928,,,
65,28.1844177428,,18.5072579123,,,
65.1,27.968770727,,18.0759638809,,,
65.2,27.7531237113,,18.5072579123,,,
65.3,27.7531237113,,18.2916108966,,,
65.4,27.968770727,,18.5072579123,,,
65.5,27.3218296799,,18.0759638809,,,
65.6,27.5374766956,,18.0759638809,,,
65.7,27.5374766956,,17.8603168651,,,
65.8,27.3218296799,,18.0759638809,,,
65.9,27.3218296799,,18.0759638809,,,
66,27.5374766956,,17.8603168651,,,
66.1,27.3218296799,,17.6446698494,,,
66.2,27.3218296799,,17.8603168651,,,
66.3,27.3218296799,,17.6446698494,,,
66.4,27.3218296799,,17.6446698494,,,
66.5,27.3218296799,,17.6446698494,,,
66.6,27.3218296799,,17.6446698494,,,
66.7,27.7531237113,,17.8603168651,,,
66.8,27.5374766956,,17.8603168651,,,
66.9,27.7531237113,,17.8603168651,,,
67,27.5374766956,,18.0759638809,,,
67.1,27.7531237113,,18.9385519437,,,
67.2,27.7531237113,,19.3698459752,,,
67.3,28.1844177428,,19.1541989595,,,
67.4,28.1844177428,,18.722904928,,,
67.5,28.1844177428,,18.5072579123,,,
67.6,28.1844177428,,18.2916108966,,,
67.7,28.1844177428,,18.2916108966,,,
67.8,28.1844177428,,18.5072579123,,,
67.9,28.4000647585,,18.9385519437,,,
68,27.3218296799,,19.3698459752,,,
68.1,27.7531237113,,18.722904928,,,
68.2,27.3218296799,,18.5072579123,,,
68.3,27.1061826642,,18.722904928,,,
68.4,27.5374766956,,18.722904928,,,
68.5,28.1844177428,,18.5072579123,,,
68.6,28.1844177428,,18.5072579123,,,
68.7,28.1844177428,,18.722904928,,,
68.8,28.4000647585,,18.9385519437,,,
68.9,28.6157117742,,18.9385519437,,,
69,28.4000647585,,18.9385519437,,,
69.1,28.4000647585,,18.722904928,,,
69.2,29.0470058057,,18.722904928,,,
69.3,29.0470058057,,18.5072579123,,,
69.4,29.0470058057,,18.2916108966,,,
69.5,29.0470058057,,18.2916108966,,,
69.6,28.8313587899,,18.0759638809,,,
69.7,28.4000647585,,17.8603168651,,,
69.8,27.7531237113,,18.0759638809,,,
69.9,27.968770727,,17.8603168651,,,
70,27.968770727,,18.0759638809,,,
70.1,28.4000647585,,17.8603168651,,,
70.2,28.1844177428,,17.6446698494,,,
70.3,27.968770727,,17.8603168651,,,
70.4,28.1844177428,,18.0759638809,,,
70.5,28.1844177428,,18.0759638809,,,
70.6,28.4000647585,,17.8603168651,,,
70.7,27.7531237113,,17.6446698494,,,
70.8,27.3218296799,,17.4290228337,,,
70.9,27.5374766956,,17.213375818,,,
71,27.5374766956,,17.8603168651,,,
71.1,27.5374766956,,17.4290228337,,,
71.2,27.5374766956,,17.213375818,,,
71.3,27.3218296799,,16.9977288023,,,
71.4,27.3218296799,,16.9977288023,,,
71.5,27.3218296799,,17.213375818,,,
71.6,27.3218296799,,17.4290228337,,,
71.7,27.1061826642,,17.213375818,,,
71.8,27.3218296799,,16.9977288023,,,
71.9,27.3218296799,,17.213375818,,,
72,27.5374766956,,16.9977288023,,,
72.1,27.1061826642,,16.5664347708,,,
72.2,26.6883665712,,16.3507877551,,,
72.3,26.4727195555,,16.5664347708,,,
72.4,26.8905356484,,16.5664347708,,,
72.5,26.8905356484,,16.3507877551,,,
72.6,26.8905356484,,16.3507877551,,,
72.7,26.4727195555,,16.1351407394,,,
72.8,26.041425524,,15.9194937237,,,
72.9,26.6883665712,,16.3507877551,,,
73,26.2570725398,,16.3507877551,,,
73.1,26.041425524,,16.5664347708,,,
73.2,26.041425524,,16.9977288023,,,
73.3,26.4727195555,,16.5664347708,,,
73.4,26.2570725398,,15.9194937237,,,
73.5,26.041425524,,16.3507877551,,,
73.6,25.6101314926,,16.3507877551,,,
73.7,26.041425524,,16.3507877551,,,
73.8,26.041425524,,16.3507877551,,,
73.9,25.8257785083,,16.1351407394,,,
74,25.8257785083,,15.9194937237,,,
74.1,25.8257785083,,15.7038467079,,,
74.2,25.8257785083,,16.1351407394,,,
74.3,26.041425524,,16.3507877551,,,
74.4,25.8257785083,,16.7820817865,,,
74.5,26.041425524,,16.5664347708,,,
74.6,26.2570725398,,16.3507877551,,,
74.7,26.041425524,,16.1351407394,,,
74.8,26.2570725398,,16.3507877551,,,
74.9,25.8257785083,,16.7820817865,,,
75,26.041425524,,16.5664347708,,,
75.1,25.6101314926,,16.5664347708,,,
75.2,25.3944844769,,16.3507877551,,,
75.3,25.3944844769,,15.4881996922,,,
75.4,25.3944844769,,15.7038467079,,,
75.5,25.3944844769,,16.1351407394,,,
75.6,25.3944844769,,16.1351407394,,,
75.7,25.6101314926,,15.7038467079,,,
75.8,25.6101314926,,15.7038467079,,,
75.9,25.8257785083,,15.4881996922,,,
76,26.041425524,,15.7038467079,,,
76.1,26.041425524,,15.4881996922,,,
76.2,25.8257785083,,15.4881996922,,,
76.3,25.8257785083,,15.0569056608,,,
76.4,26.2570725398,,15.0569056608,,,
76.5,26.041425524,,14.8412586451,,,
76.6,25.8257785083,,14.4099646136,,,
76.7,25.6101314926,,14.6256116293,,,
76.8,26.041425524,,13.9786705822,,,
76.9,26.041425524,,13.7630235665,,,
77,26.041425524,,13.9786705822,,,
77.1,26.041425524,,14.4099646136,,,
77.2,26.041425524,,14.4099646136,,,
77.3,26.2570725398,,14.1943175979,,,
77.4,26.4727195555,,14.1943175979,,,
77.5,26.4727195555,,13.7630235665,,,
77.6,26.6883665712,,13.5473765507,,,
77.7,26.6883665712,,13.5473765507,,,
77.8,26.4727195555,,13.1160825193,,,
77.9,26.4727195555,,12.9004355036,,,
78,26.041425524,,13.1160825193,,,
78.1,25.8257785083,,13.331729535,,,
78.2,26.041425524,,13.331729535,,,
78.3,26.041425524,,13.1160825193,,,
78.4,25.8257785083,,13.331729535,,,
78.5,25.6101314926,,13.331729535,,,
78.6,25.6101314926,,12.9004355036,,,
78.7,25.3944844769,,13.1160825193,,,
78.8,24.7475434297,,12.6847884879,,,
78.9,24.9631904454,,12.6847884879,,,
79,25.1788374612,,12.6847884879,,,
79.1,25.3944844769,,12.6847884879,,,
79.2,25.6101314926,,12.9004355036,,,
79.3,25.8257785083,,12.9004355036,,,
79.4,26.041425524,,12.9004355036,,,
79.5,26.041425524,,13.1160825193,,,
79.6,26.2570725398,,13.1160825193,,,
79.7,26.041425524,,12.9004355036,,,
79.8,26.041425524,,13.1160825193,,,
79.9,26.041425524,,13.331729535,,,
80,26.041425524,,13.1160825193,,,
80.1,26.041425524,,,,,
80.2,25.8257785083,,,,,
80.3,25.8257785083,,,,,
80.4,25.6101314926,,,,,
80.5,26.2570725398,,,,,
80.6,26.4727195555,,,,,
80.7,26.4727195555,,,,,
80.8,26.6883665712,,,,,
80.9,26.4727195555,,,,,
81,26.2570725398,,,,,
81.1,26.4727195555,,,,,
81.2,26.2570725398,,,,,
81.3,26.041425524,,,,,
81.4,26.041425524,,,,,
81.5,26.4727195555,,,,,
81.6,26.2570725398,,,,,
81.7,26.2570725398,,,,,
81.8,26.4727195555,,,,,
81.9,25.8257785083,,,,,
82,25.6101314926,,,,,
82.1,26.041425524,,,,,
82.2,25.8257785083,,,,,
82.3,24.9631904454,,,,,
82.4,24.9631904454,,,,,
82.5,25.3944844769,,,,,
82.6,25.6101314926,,,,,
82.7,25.6101314926,,,,,
82.8,25.8257785083,,,,,
82.9,25.8257785083,,,,,
83,25.8257785083,,,,,
83.1,25.6101314926,,,,,
83.2,25.8257785083,,,,,
83.3,26.041425524,,,,,
83.4,26.2570725398,,,,,
83.5,25.8257785083,,,,,
83.6,25.6101314926,,,,,
83.7,25.6101314926,,,,,
83.8,25.6101314926,,,,,
83.9,25.3944844769,,,,,
84,25.6101314926,,,,,
84.1,26.041425524,,,,,
84.2,26.041425524,,,,,
84.3,25.8257785083,,,,,
84.4,25.8257785083,,,,,
84.5,25.8257785083,,,,,
84.6,26.041425524,,,,,
84.7,26.2570725398,,,,,
84.8,26.2570725398,,,,,
84.9,26.2570725398,,,,,
85,26.041425524,,,,,
85.1,25.8257785083,,,,,
85.2,25.8257785083,,,,,
85.3,25.8257785083,,,,,
85.4,26.041425524,,,,,
85.5,26.041425524,,,,,
85.6,26.041425524,,,,,
85.7,26.041425524,,,,,
85.8,26.041425524,,,,,
85.9,25.8257785083,,,,,
86,25.8257785083,,,,,
86.1,25.6101314926,,,,,
86.2,25.6101314926,,,,,
86.3,25.3944844769,,,,,
86.4,25.1788374612,,,,,
86.5,25.6101314926,,,,,
86.6,25.6101314926,,,,,
86.7,24.7475434297,,,,,
86.8,24.531896414,,,,,
86.9,24.531896414,,,,,
87,24.531896414,,,,,
87.1,24.3162493983,,,,,
87.2,24.9631904454,,,,,
87.3,24.7475434297,,,,,
87.4,24.7475434297,,,,,
87.5,25.1788374612,,,,,
87.6,25.6101314926,,,,,
87.7,25.3944844769,,,,,
87.8,25.3944844769,,,,,
87.9,25.3944844769,,,,,
88,25.6101314926,,,,,
88.1,25.6101314926,,,,,
88.2,25.6101314926,,,,,
88.3,25.3944844769,,,,,
88.4,25.3944844769,,,,,
88.5,25.6101314926,,,,,
88.6,25.3944844769,,,,,
88.7,25.6101314926,,,,,
88.8,25.6101314926,,,,,
88.9,25.6101314926,,,,,
89,25.3944844769,,,,,
89.1,25.6101314926,,,,,
89.2,25.6101314926,,,,,
89.3,25.6101314926,,,,,
89.4,25.6101314926,,,,,
89.5,25.6101314926,,,,,
89.6,25.3944844769,,,,,
89.7,25.1788374612,,,,,
89.8,25.6101314926,,,,,
89.9,25.6101314926,,,,,
90,24.7475434297,,,,,
90.1,25.1788374612,,,,,
90.2,25.3944844769,,,,,
90.3,25.1788374612,,,,,
90.4,25.3944844769,,,,,
90.5,25.3944844769,,,,,
90.6,25.6101314926,,,,,
90.7,25.3944844769,,,,,
90.8,25.3944844769,,,,,
90.9,25.3944844769,,,,,
91,25.1788374612,,,,,
91.1,25.1788374612,,,,,
91.2,24.9631904454,,,,,
91.3,25.1788374612,,,,,
91.4,24.9631904454,,,,,
91.5,24.9631904454,,,,,
91.6,24.7475434297,,,,,
91.7,24.9631904454,,,,,
91.8,24.7475434297,,,,,
91.9,24.9631904454,,,,,
92,24.7475434297,,,,,
92.1,24.7475434297,,,,,
92.2,24.531896414,,,,,
92.3,24.7475434297,,,,,
92.4,24.7475434297,,,,,
92.5,24.7475434297,,,,,
92.6,24.7475434297,,,,,
92.7,24.7475434297,,,,,
92.8,24.7475434297,,,,,
92.9,24.9631904454,,,,,
93,25.1788374612,,,,,
93.1,25.1788374612,,,,,
93.2,25.1788374612,,,,,
93.3,25.3944844769,,,,,
93.4,24.9631904454,,,,,
93.5,25.3944844769,,,,,
93.6,25.1788374612,,,,,
93.7,25.1788374612,,,,,
93.8,24.9631904454,,,,,
93.9,25.1788374612,,,,,
94,24.9631904454,,,,,
94.1,24.7475434297,,,,,
94.2,24.3162493983,,,,,
94.3,24.3162493983,,,,,
94.4,24.3162493983,,,,,
94.5,23.8849553668,,,,,
94.6,23.022367304,,,,,
94.7,23.022367304,,,,,
94.8,23.8849553668,,,,,
94.9,24.531896414,,,,,
95,23.8849553668,,,,,
95.1,24.1006023826,,,,,
95.2,24.531896414,,,,,
95.3,23.8849553668,,,,,
95.4,24.1006023826,,,,,
95.5,24.531896414,,,,,
95.6,24.3162493983,,,,,
95.7,23.8849553668,,,,,
95.8,24.1006023826,,,,,
95.9,24.3162493983,,,,,
96,24.1006023826,,,,,
96.1,24.531896414,,,,,
96.2,24.531896414,,,,,
96.3,24.3162493983,,,,,
96.4,24.1006023826,,,,,
96.5,24.3162493983,,,,,
96.6,24.3162493983,,,,,
96.7,24.531896414,,,,,
96.8,24.7475434297,,,,,
96.9,24.3162493983,,,,,
97,24.3162493983,,,,,
97.1,24.3162493983,,,,,
97.2,24.3162493983,,,,,
97.3,23.8849553668,,,,,
97.4,23.8849553668,,,,,
97.5,24.1006023826,,,,,
97.6,24.1006023826,,,,,
97.7,23.8849553668,,,,,
97.8,23.6693083511,,,,,
97.9,23.8849553668,,,,,
98,23.8849553668,,,,,
98.1,23.8849553668,,,,,
98.2,23.6693083511,,,,,
98.3,24.1006023826,,,,,
98.4,23.8849553668,,,,,
98.5,23.8849553668,,,,,
98.6,23.8849553668,,,,,
98.7,23.8849553668,,,,,
98.8,23.8849553668,,,,,
98.9,23.8849553668,,,,,
99,23.2380143197,,,,,
99.1,22.8067202882,,,,,
99.2,22.8067202882,,,,,
99.3,23.2380143197,,,,,
99.4,23.6693083511,,,,,
99.5,23.6693083511,,,,,
99.6,23.6693083511,,,,,
99.7,23.4536613354,,,,,
99.8,23.4536613354,,,,,
99.9,23.6693083511,,,,,
100,23.6693083511,,,,,