,0,1,2,3,4,5,6,7,8,9,10,11,12,13,14,15,16,17,18,19,20,21,22,23,24,25
0,0.1782664061583838,0.44313253086328164,0.8098969728156562,3.9280583791977275,12.13084602037582,0.21674072808283298,0.3024713025873509,0.4216059098374646,4.011932625937496,12.303501897858887,0.19620158441866634,0.42898099183766264,0.9014364394237606,4.216098629576993,12.246443877890467,0.21125433737968174,0.272564410781546,0.32248265337595294,3.664463311049067,12.2710049192556,12.33754097595357,12.33754097595357,12.33754097595357,12.33754097595357,12.33754097595357,Awake
1,0.246043061695746,0.48295199594316607,0.6827563517300028,2.6380933470854493,12.700118100759656,0.2223187290444749,0.29670827839670333,0.2992583424995125,1.9358352266376808,12.7790110032906,0.2717206263157661,0.3056363529538226,0.3144287393015551,2.1357188629893216,12.99609438007444,0.22548712700383677,0.29959643637960387,0.3053029258674241,2.5306137936950215,13.072928441045308,12.598780205506669,12.598780205506669,12.598780205506669,12.598780205506669,12.598780205506669,N2
2,0.21162421235821727,0.42897044916696037,0.6640178671475311,3.1945368615242455,12.63672361308378,0.1860704764927048,0.29110050871278037,0.3228174578784598,3.029028029330389,12.550354576664352,0.16699597097231916,0.29420115735267655,0.32770055587531066,3.550322711814336,12.708450624838209,0.1830772622436147,0.26917569644296563,0.3148368184031566,3.023119964703296,12.60342986827175,12.464175793939296,12.464175793939296,12.464175793939296,12.464175793939296,12.464175793939296,REM
3,0.2046627666982013,0.305565903762102,0.4515822523220377,3.7450864559257204,12.368110152842048,0.19916492328386198,0.2960459590613308,0.32908215042507993,3.841746765454035,12.422700795790284,0.20672639519213745,0.3497441745823954,0.7998888811717676,4.185372086944343,12.596792458674292,0.172494408569247,0.28759539480163987,0.40421391476406254,3.7959304069385924,12.372165893201116,12.631826137006302,12.631826137006302,12.631826137006302,12.631826137006302,12.631826137006302,N2
4,0.2735791991933826,0.5286151848040712,0.9433092951433564,3.973849011187872,10.96771561056749,0.22466641938660967,0.3260235544016589,0.5507727455892772,3.913296856098528,11.264900749180573,0.30594117081556704,0.3402540808075236,0.7395435696144107,4.045437759583835,11.048413159061955,0.2432394542395732,0.3169472441204616,0.6103237351835461,4.024439076013352,11.007806937816765,12.28777113863843,12.28777113863843,12.28777113863843,12.28777113863843,12.28777113863843,N3
5,0.3801303631262853,0.8147951622724479,1.3370109994679977,3.8622285402410044,7.500251681340216,0.3582295284614717,0.7762365682422744,1.3592675723835004,3.904871917407539,7.945934495073565,0.4533564808905153,1.062050195275134,1.550354798102679,3.8687612462191185,7.453270389981357,0.34166621499518474,0.6211458944742548,1.2735102650005328,3.8961234294844633,7.8448071209834165,11.461924135540633,11.461924135540633,11.461924135540633,11.461924135540633,11.461924135540633,REM
6,0.2078946401567285,0.3050002787999171,0.31413741089715835,1.6814477214321262,12.756611028925784,0.19954500714511275,0.3084864484687926,0.3213297026074273,1.8273244118581782,12.53216497460106,0.21579883179125214,0.30215072683744293,0.31298838380211746,2.152182068116215,12.266266096519235,0.21280025990887314,0.30360793431295197,0.32223180062391926,2.7753998710896495,12.7992924669421,12.643218929089572,12.643218929089572,12.643218929089572,12.643218929089572,12.643218929089572,N3
7,0.25970504811832323,0.3310893858248792,0.35884167391591454,3.2292787538150476,13.055551325323759,0.25980762113533157,0.3212528522234911,0.3168883239826663,1.9057793843276811,12.825669236263058,0.2694851057521032,0.3373754914367999,0.3256313904849098,3.403037132973289,13.046914587246805,0.20880613017821095,0.31572178720129546,0.3030381143774361,2.1586532724403162,12.717484270595321,12.461707052674072,12.461707052674072,12.461707052674072,12.461707052674072,12.461707052674072,REM
8,0.2584661716835725,0.30220804955430886,0.3157473228423099,3.2101096328435994,12.929138424820241,0.2730260241745157,0.30552727141819425,0.31806659369492274,2.5952221056737685,12.95353732850558,0.25896279345701717,0.29192633943226326,0.3223390592773429,2.849992202718379,13.00122069292621,0.24131583730317693,0.2952400153547392,0.3042517638444664,3.2569752308424125,12.808417804969775,12.494448989673597,12.494448989673597,12.494448989673597,12.494448989673597,12.494448989673597,N2
9,0.17992250788474876,0.2943535135338205,0.3582905369159751,3.657688451366002,12.252183858278158,0.19930434571835667,0.3882868355567397,0.5880287218986653,3.5464285634361126,12.45793587870899,0.19613550367658872,0.2964397800732495,0.4146112264951379,4.058225148759576,12.329708426258238,0.17451520150277894,0.28419476889391654,0.42264452564978094,3.6337622920413675,12.502215359242898,12.354803384379156,12.354803384379156,12.354803384379156,12.354803384379156,12.354803384379156,N3
10,0.22823586479193886,0.872640453190326,1.4808559913510089,3.984183155867853,7.602433134803689,0.23904323179430673,0.7536354277929692,1.2354350210990557,4.003105700192487,8.043067926274567,0.23497044731436145,0.7076172851352786,1.4232045218840157,3.9788831487128533,8.00844068606506,0.2294921930407801,0.9352255950198575,1.4507299141985797,4.052771647242338,7.652787840283764,11.13520614986539,11.13520614986539,11.13520614986539,11.13520614986539,11.13520614986539,REM
11,0.23169737475722016,0.34009102423013865,0.3167941025356381,2.516908129156136,11.11099682027387,0.2323491147198781,0.32926920578235563,0.34854016542370037,2.703624624667987,11.412495574891308,0.27640549922170493,0.37495020245492294,0.3315433420449292,2.070310109770342,11.316679703259824,0.25947715710969316,0.39469475625764777,0.3206571185149662,1.4755074456681752,9.598970173672889,11.821856518988698,11.821856518988698,11.821856518988698,11.821856518988698,11.821856518988698,Awake
12,0.23450628409258364,0.3684068169380687,0.31850700466102894,3.6974944326347643,11.882132434955185,0.28689213785921736,0.42761577018812147,0.3010121813703445,2.903421300278962,11.704716523217844,0.26034165586355507,0.47728656919695783,0.3299251692186437,3.581898937714463,11.90893512462257,0.2408549586600017,0.4664285106589815,0.3772888993599558,1.8437579043563566,10.352850683939698,11.586495280665716,11.586495280665716,11.586495280665716,11.586495280665716,11.586495280665716,N2
13,0.16296292860578218,0.4117547208149275,0.5985735121379048,4.149949839873902,12.300527660455213,0.21620392180177775,0.34161743096013475,0.2992021283016666,3.914855964428605,12.173864068488065,0.20669056014806528,0.30291587064952225,0.314781915492278,3.744998475333056,12.116028818098258,0.2014637791787588,0.3186003340229041,0.2972071647276224,3.2708629510336324,11.86121514396219,12.017407762630564,12.017407762630564,12.017407762630564,12.017407762630564,12.017407762630564,N2
14,0.12961131497875306,0.23148392440131985,0.28523014536977764,3.902723887427418,12.045141670751761,0.20013190094979316,0.3228843771192008,0.3034248946060075,3.5024777825539397,11.75439569734985,0.18223915910448862,0.5562173835630975,0.788874021769143,4.226594373724549,11.767105279832707,0.17652684893540052,0.309232422876426,0.3076714617819822,3.359860373348134,11.375156436314063,11.95010108743855,11.95010108743855,11.95010108743855,11.95010108743855,11.95010108743855,N3
15,0.31566220930844335,0.4022919033614822,0.6653635222793963,3.966391947269593,12.344536334924168,0.27951622669829795,0.4125335751393869,0.6057387592390339,3.457556539266164,12.292700772570313,0.2978855526357997,0.4236948004762593,0.33025242870668897,3.452150698397223,12.303051112088683,0.2384207298966356,0.44572039067858077,0.35890092859062067,2.2288833499432674,12.210243068934751,12.331720056648852,12.331720056648852,12.331720056648852,12.331720056648852,12.331720056648852,REM
16,0.1958758457257441,0.7221423468825224,1.408939389782836,3.9310632501454355,9.010409210999239,0.24214257100179237,0.782524207806039,1.2375227894148004,3.824381294268476,8.018354619400988,0.2305548862105412,0.5554099809272249,1.069896152800718,3.818930914972583,8.335127510559385,0.21532633860901795,0.35970495454050616,0.4000138886477708,3.650663562209539,8.659039093611446,11.454920029790209,11.454920029790209,11.454920029790209,11.454920029790209,11.454920029790209,Awake
17,0.19093337988826264,0.31577568892219304,0.31660364571609967,2.0982645350281555,12.837623640129976,0.1842703328144699,0.36738775895788733,0.3084063977495269,2.5704106291542477,12.941308859616942,0.2581893266482211,0.3186080838759605,0.32179281732809156,2.733007207283167,12.579601163474887,0.2231895612409182,0.3292415526630865,0.3160793774346978,2.1469772032117884,12.829916091447378,12.431236659676658,12.431236659676658,12.431236659676658,12.431236659676658,12.431236659676658,N2
18,0.17855555485002508,0.2810657559783358,0.2926418101108306,2.543179442745741,12.97008828996291,0.18275666882497058,0.28393182975956976,0.30025246578484033,2.5867155278890297,12.96677733695512,0.18913709183069513,0.30696643963425124,0.3123566337804699,2.7149483318185714,12.870504177295373,0.1774162991663296,0.3274687809076398,0.38330756757208007,3.6468198559468767,12.538786047921686,12.462100340186998,12.462100340186998,12.462100340186998,12.462100340186998,12.462100340186998,Diff
19,0.23948593850000663,0.4149868178110192,0.5401981663768548,3.8952479916046108,12.737260640215373,0.23643702995893529,0.378773198368719,0.47133249515353187,3.779842368847322,12.705617548311084,0.2672701504720147,0.3762977544445356,0.4633160135318677,3.595484822817519,12.4823114352043,0.24944382578492935,0.3961792835211833,0.3497600588481081,3.67893385656601,12.413642236678438,12.480512809977,12.480512809977,12.480512809977,12.480512809977,12.480512809977,N2
20,0.20083103987173842,0.3234399151075935,0.6395862111881014,4.06131936271779,11.993836701442188,0.17207879332187082,0.4168440363220802,0.866114496465481,4.155722627360438,11.846783696456061,0.1793678887264186,0.5974441448142574,0.9694952231209402,4.102107257327297,11.907273220832538,0.19462214102660005,0.3095376879265489,0.36811833846076086,4.001663851480645,11.778059168546301,12.259620367513651,12.259620367513651,12.259620367513651,12.259620367513651,12.259620367513651,N3
21,0.15973617704985746,0.6005485021223186,1.1973865153408831,3.9255949763529294,9.59903090582928,0.1679533665436132,0.7644460594298186,1.360529467559878,3.9338158445414586,9.231428654330816,0.15978766775140094,0.5909648941966346,1.3438607548384842,3.9305993323043142,8.956610359717699,0.17373528892336157,0.49288893898406716,1.2666354771988524,3.825108890566562,8.618686560299745,11.461455812126719,11.461455812126719,11.461455812126719,11.461455812126719,11.461455812126719,Diff
22,0.22954208581651814,0.3888012858894593,0.4830667808276934,2.492513779964052,13.395188233110177,0.20185176690450124,0.2967368830761988,0.32984096429703047,2.106973357305465,13.123974139803163,0.1891370918306953,0.2981610303175114,0.33658414830304906,1.880251165255441,12.965869536575866,0.17631691444948683,0.2940752402253208,0.33562913100660213,2.5751893134292083,12.661608151718102,12.44898746440404,12.44898746440404,12.44898746440404,12.44898746440404,12.44898746440404,N3
23,0.19068381541262866,0.29600706310136526,0.3122114086942065,2.2043311828576986,13.388244886234608,0.17763535962092206,0.2998065219725613,0.31522038146174625,2.5523082629525375,13.150065612660805,0.18427033281447008,0.2874837622897108,0.30333333333333323,2.795564387903377,13.221639763081253,0.22171052197754507,0.5004553482135597,0.9277272108641524,4.108579400639352,12.79092758149547,12.61034890697143,12.61034890697143,12.61034890697143,12.61034890697143,12.61034890697143,notinclude
24,0.20821506847303103,0.3200017715370463,0.4376488408947382,4.235040873688709,10.000623064489757,0.19114583017963444,0.33801298462896057,0.6662913295267088,4.2225123803808025,10.166521720278213,0.19166586151199635,0.7189670230594124,1.2724473357362271,4.255213795386132,10.541768539984993,0.1758962938007492,0.7158901909036741,1.3025824302723876,4.199256400958107,10.2532996796635,11.927635977007347,11.927635977007347,11.927635977007347,11.927635977007347,11.927635977007347,Awake
25,0.39396812606318987,1.0561380896450487,1.3311287897402284,2.3971340125080416,3.356253039793064,0.3730240120692591,1.0354065224184494,1.2470181718754758,2.5216271324408237,3.197214065053788,0.34448028487370164,0.9975333776401537,1.195607185997925,2.6326572034006404,3.4519852938759468,0.347371079203014,0.9870044466859191,1.2097933707869282,2.332636139226323,3.0000115226116173,10.487196426542647,10.487196426542647,10.487196426542647,10.487196426542647,10.487196426542647,REM
26,0.23089149909371168,0.3239285495528599,0.3359772695043268,1.7882557153274692,12.211092917893682,0.23177455521356208,0.3244268450325556,0.33679453017463856,1.5846329948587663,9.614331252463614,0.2495823672150966,0.3249311418032754,0.33778691508109066,1.5840859809561256,9.283031114170992,0.25044158531346383,0.33266599866332397,0.34434407139687023,1.593219041306075,8.417314313182889,11.32618747269648,11.32618747269648,11.32618747269648,11.32618747269648,11.32618747269648,N2
27,0.23225406371768553,0.31744480120811375,0.33435896633311146,1.6745764008993396,12.245969127184093,0.24451703467634636,0.3167719123351127,0.3401071000525761,1.584517977879148,8.890286765084241,0.2718046684252825,0.32118799540932674,0.34390818470366896,1.5800140646350094,9.18263551828822,0.24444696968392624,0.3200327915297446,0.34840199571369285,1.5882240256196725,7.32433252341674,11.118447953239198,11.118447953239198,11.118447953239198,11.118447953239198,11.118447953239198,Awake
28,0.24324152587355855,0.3201955185008486,0.3336151869602483,1.6199857226212193,12.286233479247263,0.25230052626888333,0.32651167903033734,0.3463081301206403,1.5891759647419723,9.693972353993988,0.2797618034447637,0.3332147937373611,0.35017455964450406,1.596120296218302,10.697975405551176,0.25884119732395533,0.33256392683527586,0.3487119154832539,1.592749389352874,8.167724799175208,11.210837296513088,11.210837296513088,11.210837296513088,11.210837296513088,11.210837296513088,N2
29,0.22348761043543489,0.3169944597754741,0.33704094504890036,1.8067311784049134,12.51439265736721,0.24953969970406523,0.3222298849663576,0.34187392087987334,1.5909771630458223,11.427646301841866,0.2958227697644506,0.32632635334721116,0.3477689029751557,1.6298602530414819,12.526221386444611,0.22662308949301269,0.33203450661075407,0.3473870719784745,1.5983204919732872,10.516355515735158,11.541606454716586,11.541606454716586,11.541606454716586,11.541606454716586,11.541606454716586,N3
30,0.22984762772930492,0.3205932709079748,0.3436634038523631,2.1009437464745107,12.651533172306724,0.25993588953175883,0.3250052231299189,0.34821369556319537,1.612454995065322,11.781736755998848,0.27640549922170504,0.33366650016645855,0.35155562579013194,1.643454657079575,11.855626418615664,0.24966397170082846,0.33399933466334264,0.3493362312574174,1.607336958688324,10.87809107482093,11.804417647643614,11.804417647643614,11.804417647643614,11.804417647643614,11.804417647643614,Diff
31,0.25016819738753154,0.32732129326541426,0.3493550909774133,2.0618752884729528,12.672488064365911,0.26267851073127385,0.3303869784897032,0.3430307008540126,1.61843650737218,12.114427922476949,0.2441816769498168,0.3297979179234862,0.337573037364591,1.6544325049938553,12.542232656110311,0.2598765138852215,0.33002057549024666,0.34448924439838885,1.625023836482345,12.035162475117195,12.081177812338222,12.081177812338222,12.081177812338222,12.081177812338222,12.081177812338222,REM
32,0.21541711897477478,0.3183588870321994,0.3478502166775675,3.16445121212555,12.990440615787069,0.21547750591547932,0.3303570832737446,0.34131689413538,1.6620922409072096,12.33964323073113,0.23475755815545346,0.3313440642125477,0.34371966757307226,1.681333979498804,12.688356673018315,0.21873937363960538,0.33452380010920924,0.34768369334394156,1.6504679471121046,12.418470960132503,12.280824456579996,12.280824456579996,12.280824456579996,12.280824456579996,12.280824456579996,N3
33,0.22062629879237175,0.33323672069287397,0.37108683913185425,3.506868543890254,12.882722886858673,0.22663602734095234,0.3321437105297109,0.34064028309807376,1.8919455659958513,12.603983044270047,0.24256855973691135,0.3354028350035148,0.3439135693889913,2.015219866692245,12.642697594624964,0.23675011569997315,0.33587181564282803,0.35059033108018484,1.776901172766166,12.620503404097617,12.377571113375462,12.377571113375462,12.377571113375462,12.377571113375462,12.377571113375462,Diff
34,0.2339743381862745,0.33107020855582514,0.44873442595148977,3.86635645600583,12.401511282346524,0.2313967252241147,0.33288673786576917,0.34899281891511874,2.597898664139115,12.120552334315825,0.22668845211211713,0.3306559138036598,0.3531323677260447,2.5935523091402857,12.416744170774765,0.2299651073908474,0.33031223537662996,0.3470866401958871,2.0559161845816325,12.319586733488688,12.31863681130704,12.31863681130704,12.31863681130704,12.31863681130704,12.31863681130704,REM
35,0.22591913549390408,0.3281639986002792,0.7504799673581551,4.089121789186859,11.498700666023211,0.25540817005987376,0.32283275492787444,0.35592168648957057,3.5643403195514693,11.351374311748856,0.28188299823039703,0.3273160589844864,0.3842918772412193,3.7923112598200617,11.457622186686011,0.2485414241251805,0.3303365287433742,0.3537035097924619,3.0810622266426964,11.491864057069803,12.128617050412448,12.128617050412448,12.128617050412448,12.128617050412448,12.128617050412448,Awake
36,0.2534519056561336,0.7036129630798883,1.2704884164472081,4.051824957661467,8.13406704619639,0.25982900359873434,0.34872607666076505,0.6915843324489713,3.85139545016871,8.244725511830708,0.28341175385333295,0.37087817040633525,0.814358794950715,3.9369633281138863,8.275899563204408,0.2685948805851355,0.34647430560496756,0.49790177027151294,3.783502198874596,8.426969418494824,11.498285263464286,11.498285263464286,11.498285263464286,11.498285263464286,11.498285263464286,REM
37,0.330844106988853,0.9433717931632554,1.217452080847947,2.434131869719402,5.1980220379078785,0.3077517036689008,0.9096797700018495,1.2147199036997955,2.3806369103173735,5.5635747401188835,0.4175486960586117,0.9555975442971101,1.2003194019371126,2.377243969156066,4.0091809760555135,0.3074004907744862,0.886051722147747,1.1631290280112816,2.482641961925059,5.032163219398459,10.876010788274655,10.876010788274655,10.876010788274655,10.876010788274655,10.876010788274655,Awake
38,0.5754913113445821,0.39199472438488003,0.33895263517029767,1.7626606486667458,10.123020575807962,0.5892200326818333,0.3729197444524345,0.34584437733369794,1.537680933848432,7.361778900527162,0.542924181324305,0.33844415262262173,0.3391001163209604,1.5303130479386757,6.133275362044873,0.46201517798808095,0.33305358631611326,0.33468061059928605,1.5366951873307313,6.903416223548712,11.063437360161725,11.063437360161725,11.063437360161725,11.063437360161725,11.063437360161725,Awake
39,0.24820260906644878,0.2977500663993486,0.3142355659846688,1.8213284130569696,11.472913225004394,0.23246598051922665,0.2983798846362731,0.31176271049360743,1.5169546938553835,9.038304904989419,0.2438401621787477,0.29488646067827184,0.30784195079076954,1.5209581125878904,7.718192073853106,0.21216404089032992,0.2864340141192111,0.30421118395687613,1.5156553404752382,8.915245369590233,11.545098989037152,11.545098989037152,11.545098989037152,11.545098989037152,11.545098989037152,N2
40,0.2920954088840778,0.3115716141568407,0.311633833622897,1.826936334928528,12.291821673183815,0.2959870492662361,0.306290026358864,0.3068050211252328,1.5480489512788547,10.943347040300079,0.2837687286471586,0.3070287717245187,0.3162980310473721,1.5308857276462904,9.541358251525338,0.2882899774725287,0.2942578024810687,0.3036180999500586,1.5372337669726714,10.880502949976366,11.916959735323996,11.916959735323996,11.916959735323996,11.916959735323996,11.916959735323996,Awake
41,0.23353198540803105,0.2940899333348369,0.38269512089332336,2.2417941065866254,12.472611954983273,0.21943459893525585,0.2926169703862449,0.304600021076011,1.5910373974234542,11.666242637796907,0.21561282171728308,0.2898467027777116,0.30666666666666653,1.5719909527588116,10.886466624004115,0.19908742418630018,0.2927624916945644,0.31596217932757714,1.6095716783213854,11.973882328831001,12.199323132407342,12.199323132407342,12.199323132407342,12.199323132407342,12.199323132407342,N3
42,0.256915243177338,0.3169043146932553,0.33116437198140924,2.7452157517779034,12.279311445238346,0.2772528373208635,0.3193217155545351,0.3114284096240863,2.0372047994891727,11.901168360011267,0.24721910110389383,0.33845874340553583,0.29581442297411087,1.636928771348691,11.71902515644044,0.20797673184194027,0.31887921007378955,0.3048658883452577,1.7955806516398,11.957925260813845,12.275001244625418,12.275001244625418,12.275001244625418,12.275001244625418,12.275001244625418,Awake
43,0.27045145762170586,0.3831235746719168,0.7192747985489717,3.919347584423756,9.324056869621542,0.2525181817191891,0.3128300725969093,0.40542006869266517,3.597259073170319,8.767984885400809,0.27960289300681007,0.3073362255829202,0.34068920705309863,3.2656385381313076,9.470775060517145,0.2573271924041789,0.29773009568490594,0.3471026460768922,3.542574219231749,9.486179420609757,11.694095927242753,11.694095927242753,11.694095927242753,11.694095927242753,11.694095927242753,N2
44,0.2363022968788161,0.3047265604504979,0.3245960336079505,1.6127263855216791,12.144376646291237,0.2517708884023597,0.3196448646641658,0.3314069334753805,1.593294591191782,11.228434625351944,0.2223360819420306,0.29522119767312704,0.31883468373995244,1.6011554469919838,11.761670589747382,0.2094702312448664,0.29708252168607613,0.32250753651831293,1.5928249615148211,11.910190107427411,12.427609477825305,12.427609477825305,12.427609477825305,12.427609477825305,12.427609477825305,N3
45,0.2778280680099649,0.3057606403070836,0.31740729715973653,1.7751234507228288,12.294294613573891,0.2276632503403998,0.30497723047977054,0.32662650924750375,1.5804050894987596,11.726605433798808,0.22895630075261297,0.3042821952086379,0.3266836730267098,1.6404741861899426,12.176351497984495,0.2202579856598021,0.293091230056108,0.3212341171555278,1.6278293507188426,12.280262393143092,12.537795588628098,12.537795588628098,12.537795588628098,12.537795588628098,12.537795588628098,REM
46,0.23922778261060995,0.2928509484439739,0.3064373588113621,2.1997209161263016,12.628174139049856,0.2193171219946129,0.2866424408368185,0.31437720129067565,1.7105879431093634,12.721511091236136,0.21723571995574617,0.2915772349663417,0.30652170486860386,2.031170981369013,12.37952291707241,0.19099802855940745,0.2724579478255924,0.3006084365063051,2.0068536888360993,12.712497787610426,12.662532026942058,12.662532026942058,12.662532026942058,12.662532026942058,12.662532026942058,N2
47,0.2661832352707979,0.31481340980523265,0.3379546991607121,2.9827200372917484,12.73321540708295,0.23455960836542838,0.30877096070200555,0.3271250563150671,1.830804316262238,12.770250246491836,0.21785712840084365,0.2998435806208066,0.32142429940331757,1.9304115853591661,12.494143615764878,0.2140410714019941,0.2970326498244398,0.31944396135229153,2.173829754711516,12.560169063893225,12.659199483204125,12.659199483204125,12.659199483204125,12.659199483204125,12.659199483204125,N3
48,0.261495784576872,0.2967381248495531,0.32738259739846426,3.0613844259051484,12.726580108962557,0.21890510374233965,0.3029769986787696,0.326066625775231,2.1290868470941087,12.764456292550975,0.21071307505705472,0.29498064385127626,0.3281466850565159,2.8069437709603884,12.652311992890155,0.2324746103221692,0.3033557175298078,0.326766802490517,2.934789411335827,12.444795431558259,12.483501307281099,12.483501307281099,12.483501307281099,12.483501307281099,12.483501307281099,Diff
49,0.2474656118028186,0.5915957129056498,1.3034581598974224,4.107127260149811,8.472721012788284,0.23544284515213737,0.3242136736364452,0.6381771397726459,4.06565936978384,9.686548694828506,0.23223285462102924,0.3847542104631681,1.0178190190576892,3.9904121201811833,9.074666949641374,0.22420228961066985,0.3351874360472818,0.8430404995909854,3.866616219338857,9.246829019376333,11.875251220734471,11.875251220734471,11.875251220734471,11.875251220734471,11.875251220734471,N2
50,0.244411923212876,0.35721300898322284,0.3067849520473923,1.5366176007041095,11.492595506408598,0.22560959943678083,0.3674671397083448,0.3951320298174447,2.892695088761209,12.965833294651421,0.22658222828112418,0.3469870314579493,0.30323360183850107,1.6809550489359344,12.691817136337187,0.34051522327783035,0.43609377177136777,0.33605555096342815,2.5028184113115364,12.504126528746973,12.649637131378732,12.649637131378732,12.649637131378732,12.649637131378732,12.649637131378732,N1
51,0.20359802109797476,0.2962563087151307,0.31262185832704475,1.5698387340085773,11.734618329836673,0.1772074183994633,0.30421118395687613,0.5008914891976278,3.003865565123267,13.167180428326281,0.1761592994009459,0.28089143810376277,0.30485981396838696,1.669529393290735,12.36617429388195,0.22533651104487382,0.3154538177152261,0.32644928519215516,2.0389264301720953,12.848981369051089,12.654232423273337,12.654232423273337,12.654232423273337,12.654232423273337,12.654232423273337,N2
52,0.17172989391071397,0.2945752928787529,0.31321643498927737,1.680614359646595,12.200415404994294,0.1497271180399303,0.2810358924399267,0.3151013946159054,2.5404284172575826,13.097027970752254,0.15620499351813313,0.2815214396589616,0.30543229837214136,2.114005034040983,12.940223250693082,0.17573830150904493,0.294477985511001,0.3151895373334026,1.9758483097671942,13.059854091408868,12.528519022170533,12.528519022170533,12.528519022170533,12.528519022170533,12.528519022170533,N3
53,0.2853747983095286,0.3132091952673164,0.30704649651218635,2.0439313969787616,13.00619012749901,0.2966708281023154,0.31610037083882775,0.359809191546002,4.450790573414466,14.278435955430606,0.31729761703766046,0.6077696525965112,0.8841882655231807,3.645145765853678,13.33926793852656,0.2747299459648994,0.36546773683413797,0.47207056388208607,3.036335510666329,13.007905288708088,14.791734764162497,14.791734764162497,14.791734764162497,14.791734764162497,14.791734764162497,N2
54,0.1963089101610437,0.29415931944342594,0.30511735224247044,2.6606139216183373,12.735951221433728,0.2164036865572203,0.3023039105287717,0.38001421350935755,3.9697605425808855,12.811912317145403,0.187366413317612,0.2851813371553764,0.3578209083733589,3.1724705098396857,12.714250049491227,0.19658818270752423,0.29195805550256615,0.32519889450558487,3.0882591284483323,12.833983100433873,12.76265691600129,12.76265691600129,12.76265691600129,12.76265691600129,12.76265691600129,N1
55,0.17443722272268,0.3046666517810621,0.4559669896950986,3.9320106158291592,10.614007131724108,0.16682492486302974,0.4715341392141664,1.079857529468872,4.194312139193702,10.580221050107404,0.17524585904126544,0.5903974388515495,1.0188476909155524,4.0578660085332885,10.750945981920514,0.16593915291195083,0.41074458135331593,0.9826921952561145,4.05540045365512,10.826941476169306,12.074302942843348,12.074302942843348,12.074302942843348,12.074302942843348,12.074302942843348,N3
56,0.14863246609447153,0.2542054447946881,0.29228942262073676,1.77886209137641,12.597774962810128,0.17077438007174528,0.2709579485391476,0.3019254057168489,2.769704935927075,12.784423815094318,0.15705625319186334,0.26246692913372704,0.295221197673127,2.1598971168913472,13.17012823695266,0.14322562706064018,0.2659272155132252,0.2992191483936682,3.2640823110536483,13.01163112159442,12.389960828563314,12.389960828563314,12.389960828563314,12.389960828563314,12.389960828563314,N3
57,0.28762220118107196,0.3006949622415716,0.5334387650890898,3.7796526493396017,12.806887461046463,0.2831322816085952,0.31418127974659776,0.6133152171237523,3.9591903945436746,12.684866992494799,0.29448637018073054,0.29611475920204305,0.30079934659766167,2.914502053905987,12.860297022470858,0.33082202145042167,0.28067159316517315,0.3028363857650033,3.399899054420131,12.466823181825974,12.55022175988226,12.55022175988226,12.55022175988226,12.55022175988226,12.55022175988226,N2
58,0.18242819231542565,0.28526512313318386,0.3882541304883562,3.960789363365894,12.189194129011923,0.21525179054617258,0.5053296198436794,0.8390358590903646,4.111449648223429,11.947824534663662,0.18138357147217055,0.284531236758564,0.31745321420624567,3.723530284256834,12.381751008023523,0.18547236990991414,0.39722649570350793,1.0595649002197927,4.300795791995296,11.927116164438077,12.407785387498537,12.407785387498537,12.407785387498537,12.407785387498537,12.407785387498537,notanal
59,0.21141409216830123,0.3816306461925964,0.8170269925626462,4.046645849390021,10.440375413533275,0.2244685080609552,0.537034610467059,1.1533658473258956,4.056684774298429,10.267149820281123,0.19296580647652525,0.3068035121404715,0.5121113401315754,3.9661431338297275,10.774563094462035,0.20470092607460888,0.7789110790942719,1.4350657058988314,4.122714705532009,10.065671339069882,11.994085579521638,11.994085579521638,11.994085579521638,11.994085579521638,11.994085579521638,N2
60,0.2558720804268222,0.8123781611072459,1.517689271762697,3.860220289086117,8.320655063170932,0.2840377952593678,0.8818602321999803,1.541188714700762,4.009887278671847,8.710906938508646,0.21699689933496205,0.5963676055820392,1.2717932318939886,3.889039520892239,8.208908816073988,0.23713568549109884,0.655488697155615,1.3837330970785573,3.922222379603396,8.28599033323532,11.423720915514155,11.423720915514155,11.423720915514155,11.423720915514155,11.423720915514155,REM
61,0.28954769638304084,0.7056829566980837,0.8648772736132547,2.1134737286784655,3.117516308940169,0.2850487287776911,0.6434388706372299,0.7674977379626463,2.091849187845853,3.1993510144371853,0.3067974761272078,0.6996789387168595,0.8356826144528589,2.085024794831401,3.4517208089893177,0.28049559315215233,0.6422183775355889,0.8091940816197281,2.0527548487668463,3.6396960936760903,10.440209044309835,10.440209044309835,10.440209044309835,10.440209044309835,10.440209044309835,N2
62,0.24202518562370823,0.31716609381483335,0.318250959887614,2.537937143293871,12.96752108826521,0.24005914908981996,0.32271227103496275,0.3138938052712323,2.5886310672765136,13.124796188893747,0.26104254418876477,0.3310589071449369,0.3194594199388308,2.789336838748594,12.925719408304603,0.23549527530580738,0.32743107841362756,0.3077376628490612,3.219059942526738,13.25353160482141,12.692616996593816,12.692616996593816,12.692616996593816,12.692616996593816,12.692616996593816,Awake
63,0.2203995547155687,0.302684886622324,0.3300480965431343,3.3555410227794167,12.74402604255196,0.22035045039131262,0.30294847380004714,0.3093057738361753,2.4490108862533972,12.85490869159075,0.21971080880596852,0.3018645759644914,0.3151405722005871,1.851077764138743,12.554183012490745,0.23566035404610552,0.299796227090632,0.31205412635915847,2.3724551017619993,13.00836653850129,12.603447500144112,12.603447500144112,12.603447500144112,12.603447500144112,12.603447500144112,N3
64,0.2639676335549986,0.29472305305919866,0.3482059624564883,3.4060058999473544,12.872463887329909,0.29047853238712457,0.30863298752345675,0.345267833056035,3.6657290046868534,12.87373985203125,0.27147516540578587,0.3707782938763764,0.8577892918052792,3.174991785738378,12.497651334906452,0.28440972010268717,0.30832882879592466,0.28596814119369607,3.0635259682308376,12.870486911276254,12.552043906162144,12.552043906162144,12.552043906162144,12.552043906162144,12.552043906162144,N2
65,0.25302209667516307,0.3610582204420126,0.7332017507182013,4.064605142690543,12.533707305536593,0.27432239751390647,0.3437699489160997,0.34099482274046666,3.8871940354368486,12.676349807592262,0.2781686139336675,0.32314236437570504,0.32656271966736056,3.7497153801453735,12.243784817884814,0.3087789572565534,0.32902587237382724,0.33671616797798376,3.814918085621237,12.69747403673582,12.45679625300538,12.45679625300538,12.45679625300538,12.45679625300538,12.45679625300538,N3
66,0.24530096281563285,0.3408409634393681,0.6773732111031419,4.121652933289547,11.038930450343834,0.2291119463289013,0.3120402791347121,0.5670739277256303,4.095161063475095,10.959244519222059,0.21612753436596427,0.3015924811585295,0.4952166255012441,4.063621203305078,10.886524913458745,0.2043478032457361,0.3442095973583251,0.7903085817077959,4.14819981779989,10.910435824317158,11.932028029169595,11.932028029169595,11.932028029169595,11.932028029169595,11.932028029169595,N2
67,0.27648137389954275,0.30479947685065883,0.313634245434546,1.5773996225310172,11.89966237444787,0.29297273711278643,0.3111403756077525,0.3122301303862068,1.9711182356128283,12.704343623878419,0.29157723496634186,0.314876028907008,0.3003804172407522,2.918340472102444,12.777750193206943,0.3318783058239018,0.6041431029887608,0.8791803140945303,3.6399403061175013,12.816267825995768,12.58794733950783,12.58794733950783,12.58794733950783,12.58794733950783,12.58794733950783,Awake
68,0.20506953635103628,0.33048476728269277,0.29923560970141644,1.8516885105589589,12.699294747143632,0.19501424449397411,0.29979159427842533,0.3024998724619665,2.6598640084052927,12.870687087763075,0.195760624800347,0.3077517036689012,0.4491748264221385,3.746264147351118,13.23226047521551,0.18882678717691395,0.28730334122063944,0.43440892153719757,3.8356167112415642,13.241347699116156,12.579510695306608,12.579510695306608,12.579510695306608,12.579510695306608,12.579510695306608,N2
69,0.19649075494802654,0.2873461335280409,0.31051270600342407,2.104358935783588,12.822724027051471,0.19075143803156808,0.29397446769119423,0.3319466527123198,3.1505054953996194,12.567442504786365,0.17704362299852666,0.32037979005633793,0.7309396962172541,3.5822885643153715,12.848140808001059,0.18223915910448868,0.2906123802516945,0.4728753653037031,3.5163921254955253,12.870852514283758,12.635709978733553,12.635709978733553,12.635709978733553,12.635709978733553,12.635709978733553,N3
70,0.4460956854131383,0.3616352379836262,0.35180648153994376,3.0975228197783506,12.52829368391345,0.47371528668547963,0.5380681034503133,0.7501462820306751,4.049852153984862,12.535222215328066,0.4969338083452797,0.4278917597064607,0.4987007811662245,4.279367814162378,12.464956755383481,0.43772842361389575,0.38425975011124386,0.40532870367726404,4.125572762330577,12.770759231855589,12.673623984042168,12.673623984042168,12.673623984042168,12.673623984042168,12.673623984042168,Awake
71,0.25500922574569657,0.3541272687170241,0.3562022534340197,3.6274515207163534,11.990795042850054,0.26151210344248615,0.33324998958072816,0.5166591994681421,3.92934021257677,12.15412213516645,0.2718046684252825,0.34783279649996746,0.8629986481256313,4.116357613230416,12.08793016010415,0.269887951144247,0.6058042302857407,0.8689577977790329,4.064669211937073,11.970838280413052,12.271897145737311,12.271897145737311,12.271897145737311,12.271897145737311,12.271897145737311,N2
72,0.48775388760653,0.5166833440363017,0.9487215410004542,3.951857796701632,8.522115833327073,0.47841172412241073,0.6945822085573777,1.2907136269005088,3.9748606622057348,8.242468616190717,0.5337972519345145,1.0070375818995165,1.5524814863411736,3.9370617921942186,8.294378283579249,0.45373620442926577,0.6388608689507782,1.3553387804813024,4.053443742404662,9.16030385231116,11.70692978064227,11.70692978064227,11.70692978064227,11.70692978064227,11.70692978064227,Awake
73,0.3262846579361881,0.7638726075362414,0.7071659447890483,1.5294520531113236,3.723105645326024,0.2830957609653369,0.8223969408959774,0.7639735306642208,1.4550571665830494,3.5203244098544757,0.2688246020487461,0.7259059899000967,0.7780602661605189,1.8099259926210882,4.288221594605909,0.28798148088606906,0.8296399635599784,0.8798014646975477,1.6578820342552039,3.6914765020831575,10.413015360062085,10.413015360062085,10.413015360062085,10.413015360062085,10.413015360062085,REM
74,0.27806262039633833,0.39730983129141967,0.3246920746040124,1.5723881630015528,12.281188248995141,0.17853571071357136,0.25950808165535916,0.2830586904198885,1.5175429906249986,8.654911882356638,0.17416112874413772,0.27307349890179594,0.2941843715163067,1.5192611102070817,6.298522362476559,0.14759387052748488,0.2615339366124403,0.2882557163781689,1.516591776742822,7.418154324375229,10.980886910142246,10.980886910142246,10.980886910142246,10.980886910142246,10.980886910142246,N2
75,0.27585570844571317,0.3430898681050954,0.32247659831774617,2.090746050485103,12.526992181149309,0.18132230358612192,0.30939008100167364,0.30117619222878783,1.5492076827993218,11.534977550856594,0.1840591692303803,0.29438364152082525,0.2933438550301515,1.542646435412651,10.23219809121079,0.2087262960593769,0.31144624806232407,0.30824272943074177,1.5365843152995844,9.441318698435726,11.670147842536815,11.670147842536815,11.670147842536815,11.670147842536815,11.670147842536815,Awake
76,0.2712401183712674,0.4259179761984451,0.6509802481233307,3.8090057981142587,10.83522938928233,0.23885723304471615,0.32575221591393605,0.30843041514684333,2.901189836797275,11.148589832212576,0.26958816327461,0.32431504268778555,0.29954698306230426,1.9081013121121082,11.466693583086409,0.23323807579381206,0.28590121750849445,0.29469381473733797,2.134252116964027,10.903409196153534,11.959184085881446,11.959184085881446,11.959184085881446,11.959184085881446,11.959184085881446,N2
77,0.3065131973277078,0.8840805464992505,1.3422876198571478,2.941792109637684,5.575507765941369,0.23665036459242644,0.4760316931040474,1.1253833366106798,3.1523659055492153,6.19614087383389,0.2207283118549159,0.32631311177085764,0.7811237552319442,3.1221992881719967,6.554492945894272,0.2342337125581317,0.3065941943351178,0.7747114158044771,2.9523842635243414,5.84399406798695,10.936936479451436,10.936936479451436,10.936936479451436,10.936936479451436,10.936936479451436,N3
78,0.29791451999607166,0.42581654252877066,0.5349287362205051,2.687877379505289,13.330402943286675,0.24698178070456958,0.31189187743491575,0.3189348592494154,1.9045497831622076,12.904239170917704,0.20859317129549357,0.29114715637743516,0.3260027266416305,2.0024047271613252,12.659013477448484,0.21615323782497958,0.27708580477873,0.307135310189877,1.6843216753853283,12.739999660832986,12.627078926743993,12.627078926743993,12.627078926743993,12.627078926743993,12.627078926743993,N2
79,0.28760051974382145,0.3291037785443276,0.3393618126856597,1.8133253301143908,12.414583635711384,0.22741909428287793,0.30801785662522885,0.3249995251658449,2.6158170359243615,12.880783598489307,0.20093915300378004,0.2972320870637066,0.32837798154783765,3.3051551578229956,12.927741297756867,0.1839383954842853,0.515374728824679,0.8786662170515352,3.7375288924933043,12.815216456989953,12.480423799784292,12.480423799784292,12.480423799784292,12.480423799784292,12.480423799784292,N3
80,0.2685346986028832,0.3050389365875561,0.3641770768604988,4.016067530893677,12.453387749520582,0.27706798203088445,0.38457769046058815,0.8570727888762407,4.2338093564385595,12.104161244978709,0.30369128249215244,0.41468268398265873,0.9963018036471762,4.137756892177864,11.878035544443435,0.2899978714268413,0.4013311184877976,0.8703312835983062,4.369731607431702,12.196243906715655,12.507251159049918,12.507251159049918,12.507251159049918,12.507251159049918,12.507251159049918,N2
81,0.2698823964924504,0.3577230208376143,0.4726065129680008,3.2934243907651903,13.156704782187047,0.23448064491447088,0.2872388776602256,0.3038924436111409,2.503350532564084,13.263002658002181,0.2419595925861268,0.29516473743017163,0.299194391576141,1.6078668484887473,12.679345506339661,0.23436017442821788,0.2942326282147731,0.3052139504602558,2.0742361378482337,12.91390680192826,12.671273004538872,12.671273004538872,12.671273004538872,12.671273004538872,12.671273004538872,N2
82,0.2667555124104476,0.33441457291207227,0.32358535658029575,2.0135133608749056,12.558910939684601,0.27039694187035407,0.35456633222941114,0.31797973380564865,1.6324974240427372,12.718121063862453,0.2315300689748659,0.3288682425951986,0.30761728667571386,1.688232328520494,12.643742413629846,0.20893911925619763,0.31968541635817327,0.31393362513062245,3.205408431054699,12.802207805349749,12.51428382112039,12.51428382112039,12.51428382112039,12.51428382112039,12.51428382112039,N3
83,0.2214879592659007,0.31594116677267325,0.5044790312495866,3.7626383853683865,13.018788280762521,0.2241417100247955,0.2981030561714613,0.320047739494525,2.9374106238044964,13.098210225489247,0.19445714244252793,0.29554093531090475,0.30542421419606497,2.1870068050721967,12.76330504044919,0.22527075615855446,0.29435847801659615,0.30853096769156146,2.901434511103468,12.62706993176677,12.53698351101873,12.53698351101873,12.53698351101873,12.53698351101873,12.53698351101873,Awake
84,0.3246082585855605,0.4956920995904331,1.0988871922196966,4.194436683628756,12.360160426128672,0.3364644607285194,0.4947614464455458,1.0508131771791474,4.163837558055855,12.452022729730626,0.25993588953175867,0.41466928664171715,0.3531603350069513,3.6602745629997764,12.355187044864206,0.32138588781850536,0.4405790241752437,0.9024445538865563,4.087358560244012,12.173026293235482,12.38591493951452,12.38591493951452,12.38591493951452,12.38591493951452,12.38591493951452,N1
85,0.3714639787763337,1.0159137392631246,1.5701530898684932,3.662753291992862,7.049702008787218,0.30967725134404006,1.0111201159550172,1.4770173482100952,3.6051658751927573,6.767260031455371,0.28306959402544174,0.9423905772024675,1.4820677080882725,3.7499688887598346,7.530136653785997,0.3281523283740097,1.0045673474464298,1.4275317557169247,3.581509613432736,7.076189338588645,11.140603394789709,11.140603394789709,11.140603394789709,11.140603394789709,11.140603394789709,Awake
86,0.19682283664489564,0.2773706313223906,0.2989342369226634,1.937922596733342,12.757573438759884,0.19230248805873573,0.29242705115449485,0.3164789892193226,2.326946019523823,13.076404098061598,0.212904661906987,0.3099502150385917,0.47464606696873507,3.2751582753196926,12.72031252042511,0.2145796925257478,0.2949387883763151,0.3162980310473721,1.7421715553857087,12.855021596516805,12.54802580311164,12.54802580311164,12.54802580311164,12.54802580311164,12.54802580311164,Awake
87,0.25189350951553796,0.2935238249745058,0.3077458090587053,3.2026298717207515,12.816912154969652,0.2453392712646945,0.29994392480043874,0.3097086444457831,2.3110098802615835,12.714671449224639,0.26491088648407357,0.3105471078159312,0.5963924468144142,3.0310428877952744,12.415389742941455,0.25322853582885296,0.2854409627398922,0.30583623472233595,1.9654685616073002,12.596136189863158,12.477289591716445,12.477289591716445,12.477289591716445,12.477289591716445,12.477289591716445,N2
88,0.162274787246706,0.2835333427704492,0.3726746497386471,3.5656664628457677,12.550654046973099,0.18168960099882195,0.29066282277444744,0.3621012067787367,3.5487841771235495,12.53050217974296,0.17471316881684879,0.34880572257169956,0.731681641625207,3.766431490527804,12.619121293585474,0.18269586141392974,0.2961585327881165,0.4530023301387215,4.146271417390167,12.836200545505834,12.634206056047475,12.634206056047475,12.634206056047475,12.634206056047475,12.634206056047475,N3
89,0.2714185461807727,0.5566949766722836,1.0424782960486156,4.122203690419248,10.900175579521596,0.28880928390399047,0.5237790034398522,0.9276307268693171,4.158415682402892,10.690522671974461,0.3506343457855269,0.5367724763417223,0.9558972257375995,3.98244605025729,10.900985627654089,0.33946944806983664,0.44881324995295485,1.0035154258288925,4.168336850443523,11.137633899930849,12.133082854557433,12.133082854557433,12.133082854557433,12.133082854557433,12.133082854557433,REM
90,0.2994916327633178,0.8620331396105645,1.412557546035445,3.6599127965027423,7.317727426863993,0.30237945256470933,0.9615090698261896,1.5161170147680336,3.6151353218187765,6.620370056980054,0.3666060555964673,0.9064412846230782,1.3884359261369088,3.717802350984738,6.724400840719318,0.37669944137973244,1.0281404765430515,1.5379965322891118,3.7510057910438426,6.839967511293864,11.310697866277845,11.310697866277845,11.310697866277845,11.310697866277845,11.310697866277845,N2
91,0.15589984574964105,0.29844684877202204,0.31961889153750633,2.8258677153524383,12.937665625480303,0.2376446927663228,0.35402927618356905,0.5094523203074716,3.3222047565501476,12.94419928237081,0.2098206170947572,0.5953948788227819,1.034950347708634,3.383205617001956,12.95415944450199,0.13904435743076138,0.28158282775923843,0.2951375490165664,2.4441083102225174,12.659193506970087,12.526198767206099,12.526198767206099,12.526198767206099,12.526198767206099,12.526198767206099,N3
92,0.24959649977195736,0.32529107844250166,0.49837741256147877,3.3268102500607526,12.82450499413802,0.2729463158901849,0.3189735659932798,0.32055892545888953,2.8100271845264744,12.879270597014063,0.20917533551462109,0.2896166048032772,0.4374110138779412,4.035774590237898,12.889505205571092,0.2017974782355375,0.29636688973860303,0.30190547126583656,1.7281489419121543,12.33503772007024,12.460854705837798,12.460854705837798,12.460854705837798,12.460854705837798,12.460854705837798,N2
93,0.26763472246926734,0.4250279435924972,0.6580499260811595,3.6096734797465393,12.946361179901226,0.33032484946312995,0.3405260998680687,0.4396407062787565,3.302007386087707,13.027029296196057,0.19756542907460328,0.29847555062515174,0.3087529676970382,3.1781369260917094,12.821406145799903,0.21447610589527216,0.3054424032913487,0.3156826817479151,2.0932696380967686,12.524334634011154,12.597567948704313,12.597567948704313,12.597567948704313,12.597567948704313,12.597567948704313,Awake
94,0.1838637965767323,0.3288887356744138,0.4165207907908048,3.641096493292838,12.732936819341864,0.2990411631932145,0.3321906339497707,0.39058795503354116,3.5701263940000523,12.726245652000502,0.16468825769380838,0.2942011573526765,0.3082026750190349,3.4401413981849887,12.836906861770785,0.17715515972526447,0.29498064385127626,0.4649120453123831,4.0859010822976325,12.859671673707515,12.563416661968281,12.563416661968281,12.563416661968281,12.563416661968281,12.563416661968281,N3
95,0.23674330463658197,0.4882438798057793,0.8126439868928498,4.0601608493320755,11.962725072342936,0.28864091921782953,0.5183601279248071,1.0592174784559902,4.15954591538815,12.180929881490078,0.2187647702244538,0.5501335415880828,1.234986379691975,4.294907837583168,12.068343908397619,0.20433874079002823,0.6216912416947818,1.199249250753195,4.213106533980199,12.047074333629729,12.45675499032107,12.45675499032107,12.45675499032107,12.45675499032107,12.45675499032107,N2
96,0.17064702799423526,0.41157404835449907,0.8620868000344576,4.1589562400682585,9.988902788172727,0.2823096977294593,0.849830048369149,1.4439144326755946,4.169604297772159,10.193307702290758,0.17713773674115227,0.30279357756941266,0.3952245806320787,3.9507986378127664,10.33901402993105,0.16690723378978523,0.2981610303175114,0.4100120443879787,3.945969188869342,10.547644052665433,12.08333831724035,12.08333831724035,12.08333831724035,12.08333831724035,12.08333831724035,N3
97,0.3387719585640126,0.3263055063076808,0.29835375979932727,3.362708119312707,12.708722021489864,0.24308904531183073,0.31242332392658057,0.31228498775997365,2.848264091220006,12.475170339518414,0.24267032964268395,0.41852917062812556,0.8178328785784725,3.9729486515250003,12.417383076523649,0.22082896571501992,0.3017725412735006,0.3224213943824998,3.3209369494499934,12.3806956465038,12.444479079316883,12.444479079316883,12.444479079316883,12.444479079316883,12.444479079316883,N2
98,0.3798030280764681,0.5792639398565569,0.985078700080088,4.018554472114503,12.579425676084579,0.2757811576478353,0.3926626422481311,0.6890053664970448,3.7425040719276557,12.321209306128692,0.33069324863286537,0.8547073717700262,1.5490435121290609,4.283816949207914,12.571934449497782,0.2853825675764783,0.3248931448269655,0.3537733109712426,4.228670514592933,12.278386158883693,12.41045482199943,12.41045482199943,12.41045482199943,12.41045482199943,12.41045482199943,N3
99,0.40197612771934066,0.4954843709994919,0.9497689180703005,4.168579724090662,11.579189989646355,0.3727487983436927,0.4201396005503613,0.8369654181094408,3.991910763432705,11.614492649538029,0.32556882794333225,0.6767651816628211,0.9541229571098004,4.154621998523725,11.93512939101403,0.351133965500911,0.45981880489311605,0.9749352621749299,4.165839325268153,11.890743832447525,12.305324032936133,12.305324032936133,12.305324032936133,12.305324032936133,12.305324032936133,REM
100,0.36097625250878124,0.8631967427997197,1.3923960164646647,3.9371637350564916,7.506090482472606,0.3270066258248191,0.8367197858303586,1.4134783293897082,3.9000777136923177,7.185816705733257,0.3028363857650033,0.8219489035213807,1.4477722350026068,4.042651617288515,7.735390929972844,0.323491751950876,1.002010324975758,1.5654246455794838,3.956913156539457,7.2620053007178615,11.350732996399639,11.350732996399639,11.350732996399639,11.350732996399639,11.350732996399639,N2
101,0.2366245052030432,0.3632169195016182,0.5668835119314849,3.243458478614199,12.599158099145198,0.22272928261307112,0.3211144751842236,0.4909854037205846,2.739737923395026,12.797159648208206,0.21275674395601527,0.3113510979149416,0.3314781708918067,3.029660780424839,12.477246501007881,0.20324831252241654,0.28380353141644366,0.2863154610039014,1.972039428148646,12.396906424140203,12.530463572164173,12.530463572164173,12.530463572164173,12.530463572164173,12.530463572164173,N2
102,0.21963482370132695,0.27491330317581686,0.31287417508178333,2.962413063106256,12.561046976020236,0.211574783206527,0.28671134449429875,0.2866709732665311,2.2331533233148364,12.529721504792287,0.2546869295797597,0.6165225056719341,0.8255069523602222,3.4747526779383167,12.537835282864705,0.19151443229630968,0.3131362658454851,0.29463515836235465,2.3520595125585753,12.482405197163436,12.477311409113746,12.477311409113746,12.477311409113746,12.477311409113746,12.477311409113746,N3
103,0.3818572586535373,0.5433506528686511,0.4332205504722437,2.539708278639413,12.436813951725794,0.38231103619312584,0.4654136617496417,0.33919840146373836,2.2240971951183552,11.537351901059829,0.487087590673027,0.594689461446523,0.36569568405073255,2.436354289142329,12.15874242197566,0.4509852041042895,0.5234076380370806,0.36801268094093353,2.3743589128254348,11.521209909457331,12.022904529826945,12.022904529826945,12.022904529826945,12.022904529826945,12.022904529826945,N2
104,0.2307441378298852,0.39354888593868853,0.8195957468219424,4.0346645635776905,11.692638738978982,0.2248037552957284,0.2914120581827746,0.4283398183685465,3.8554218276520427,11.426193254271109,0.22338860565347213,0.30615900008546765,0.5058131212021365,3.9478601798949255,11.453101418339289,0.224884057919126,0.2663516658039577,0.30863298752345697,3.5372403276851947,11.617880854766735,12.350053333218174,12.350053333218174,12.350053333218174,12.350053333218174,12.350053333218174,N2
105,0.5040597092371008,0.8925706206934945,0.8958762922779914,1.5619004790882054,3.1624040053368447,0.46377942820341994,0.8570182302107581,0.8808769129693826,1.5139250760201015,3.627043485325816,0.5090792948009786,0.8683573253243417,0.8932227681716622,1.6148141352360106,4.381817087425526,0.3927820996147581,0.7750619250449096,0.9829716849092519,1.744190002675196,4.250183002595954,10.92135418953773,10.92135418953773,10.92135418953773,10.92135418953773,10.92135418953773,REM
106,0.19706520209704953,0.29504755756401335,0.3626461703892083,3.607988271194817,13.095589268018607,0.2073376205344531,0.2979166342916322,0.3743681920381001,3.3136215315453543,13.048475751766727,0.1631631766736056,0.2819771464340881,0.31933766331248264,3.893454621398441,13.052618534887316,0.18693433190413267,0.282047189817503,0.31269438398822835,2.624072793329361,12.92581950502726,12.661376368924333,12.661376368924333,12.661376368924333,12.661376368924333,12.661376368924333,N3
107,0.3582550934992282,0.3560440238773505,0.41264288393217646,3.7824250760302345,13.190913530655962,0.2659219926460381,0.4757333520179367,0.8032685927501251,3.9598579519977735,13.021067923812666,0.48239244307493295,0.45976913154428656,0.9372773809758183,4.277267069081248,13.162377360407877,0.20859317129549348,0.6385361344996291,1.0440070005914475,4.23308252392048,12.927827006543332,12.582303286759544,12.582303286759544,12.582303286759544,12.582303286759544,12.582303286759544,REM
108,0.391503874114564,0.3408659108227127,0.5444579571649051,3.9715702840994687,12.730092581865124,0.40690642598289467,0.36021041518795177,0.4251110965905792,3.79146259117071,12.738776650666093,0.44592669496672954,0.36432925008724676,0.36854066562894,3.8118251679623367,12.727410926378106,0.3989182904670276,0.44451249479029414,0.956782158469435,4.083570816979175,12.655944974986124,12.689901917141311,12.689901917141311,12.689901917141311,12.689901917141311,12.689901917141311,N2
109,0.4528541384908604,0.5692649515243443,1.0891154954173938,4.298003570714842,10.797084976554075,0.5465207009283453,0.4893293470419927,1.045385362225603,4.056784098546806,10.440455503047327,0.6359944094792728,0.45709225910458523,1.0305458220564596,4.204751133987056,10.329277818265592,0.547113638409182,0.4536055827383059,0.8902551999217165,4.080230113336474,10.436619764021556,12.09736581060338,12.09736581060338,12.09736581060338,12.09736581060338,12.09736581060338,Awake
110,0.32648787276981617,1.056143349886843,1.4994760233732334,3.494850406681143,5.791552531543129,0.3192289127968079,1.054533276904416,1.4966789366815352,3.551257601970819,6.1673978295269976,0.33288117481048674,1.0541956151785719,1.5122936549378998,3.3451604992036037,5.4023841330460405,0.37149182068991254,1.0565352179017353,1.450917547069805,3.417541712697108,5.093915639585121,11.045890859903011,11.045890859903011,11.045890859903011,11.045890859903011,11.045890859903011,N2
111,0.2754818495529359,0.34089384972458125,0.32530327730015607,2.4222708185434905,13.074627728904295,0.31815973548510285,0.355692681890726,0.39027491102149986,3.078917959684724,13.447976980815488,0.3452696208922979,0.4115688142812679,0.37105788041393734,2.6711418467449657,13.131825867612008,0.27845251384955366,0.36240792785594433,0.3448814432185982,2.4531836206332396,13.42599174441083,12.69051896320854,12.69051896320854,12.69051896320854,12.69051896320854,12.69051896320854,N3
112,0.19525261270067534,0.34865598766180145,0.32962563799633315,2.606840165076967,12.853784746638828,0.19552083025020217,0.33516165253998453,0.3307357118774914,2.1120743416583028,13.224875504093239,0.1939231106379695,0.3375821802095924,0.30489018464253326,2.103425777154973,13.041147084668227,0.19827652469950544,0.3325917677132392,0.31918105083146214,1.5941033316879947,13.002030420735382,12.588901708339066,12.588901708339066,12.588901708339066,12.588901708339066,12.588901708339066,N2
113,0.1577254711929516,0.26002965119603927,0.29215595499803976,3.0305100488964882,13.082875627853298,0.160077141897351,0.27275458149845083,0.319089658053255,2.979519391188646,13.251788826372291,0.13986324890785906,0.27364932051310475,0.3187339925779667,2.7462794135491655,13.018614450939943,0.15574987862389503,0.26238224872205895,0.3149054335808853,3.42795695551868,13.165578436041292,12.565946239296462,12.565946239296462,12.565946239296462,12.565946239296462,12.565946239296462,N3
114,0.1610171748983472,0.3065365000295075,0.6073921057011099,4.058404146667387,12.505743406155009,0.17034732130721397,0.4525848259623356,0.8153019587555383,4.229032920709469,12.685610055063796,0.1673652028084425,0.27776888874666206,0.3510126444206958,4.253507049744034,12.682527301978585,0.2012461179749812,0.530135086441694,0.8088553106583691,4.322473571669094,12.688487296622213,12.527689172389296,12.527689172389296,12.527689172389296,12.527689172389296,12.527689172389296,N2
115,0.18752535731785247,0.2968851904803111,0.3152999507721434,2.627243841763005,12.797463999060756,0.19214433232454292,0.37768748921055495,0.6467246537575138,2.34285201315738,12.849860678016876,0.17589629380074923,0.2761284367468279,0.3108332092145516,2.753737975825981,12.934944582719503,0.17590682157478485,0.2843315748284816,0.3124988888869134,1.7628417714335878,12.83297835006875,12.554418805964517,12.554418805964517,12.554418805964517,12.554418805964517,12.554418805964517,N3
116,0.4006242294752408,0.3699114314537758,0.3522702528822999,3.131170334619162,12.903702152936603,0.329932185325379,0.3712553778136492,0.3062613061657003,2.1029176527674562,12.776337068537638,0.3741657386773943,0.4018921297445588,0.3381156935461915,3.610256309084433,12.781140861769543,0.2852787244385461,0.3394694480698367,0.30716545587671573,2.355551362679707,12.850928006073485,12.636183741761418,12.636183741761418,12.636183741761418,12.636183741761418,12.636183741761418,REM
117,0.2807359941523325,0.35216499173809906,0.6472724913083624,4.079564385842107,12.433825207756948,0.2895590517397866,0.35474560525035986,0.4606342916211121,4.181239700387764,12.363751216188492,0.29334385503015153,0.3778447653027188,0.8436758197844056,4.309015097572891,12.347298399964986,0.2974147870492582,0.36172426576668093,0.4668637150122739,4.312984129203982,11.697935029338183,12.436968262223537,12.436968262223537,12.436968262223537,12.436968262223537,12.436968262223537,Awake
118,0.4177317000691121,0.3217582083975506,0.3153247615006145,2.2757332176695324,12.581854812448825,0.33642822506038933,0.3228399251702776,0.31797196863796984,1.6967747182358774,12.351605383736787,0.33955126524340185,0.32408656060600854,0.3053029258674241,1.8904467432035443,12.330049813162224,0.31638584039112744,0.3045924214583752,0.30403865901039534,1.6115344271459249,12.028582421122133,12.454810565489232,12.454810565489232,12.454810565489232,12.454810565489232,12.454810565489232,N2
119,0.2792100940940191,0.3083773640192414,0.3219699145111853,2.4202529805365183,12.469048200987464,0.2792908789447451,0.3095675996699787,0.308526466039647,1.785866580807326,12.57685661134062,0.22524609312735216,0.29205318304787403,0.3120541263591585,2.0073030244830425,12.682106379549978,0.20075474872540996,0.2924988129130708,0.303129764821912,1.6120690638637867,12.4919036001546,12.644675647173486,12.644675647173486,12.644675647173486,12.644675647173486,12.644675647173486,N3
120,0.3785534586930034,0.42315867627418735,0.5600647840725899,3.1129283484356525,12.618370547873711,0.35049171808253093,0.31309831611740657,0.3090062726599734,2.115776715797558,12.687294558331832,0.3446397295871103,0.3425485457170114,0.31211148688715934,2.6446379481023876,12.716863694410746,0.30848294668435355,0.32243096686742356,0.31054710781593087,1.8732176713997886,12.27683058186446,12.364883770851495,12.364883770851495,12.364883770851495,12.364883770851495,12.364883770851495,REM
121,0.26765505604218154,0.365012968427399,0.6234502782364494,4.0207989864945874,11.992941622172381,0.24644634805396423,0.31277876455340664,0.34865305192595625,3.7612176252766076,11.63595400546445,0.24195959258612673,0.30692420747768073,0.3800730923856032,3.9349990195615816,11.768949731296232,0.21321756117886195,0.30860898589127234,0.34591085699592355,3.748405586972204,11.616618364318521,12.350862300080733,12.350862300080733,12.350862300080733,12.350862300080733,12.350862300080733,N3
122,0.3753906506421933,0.7022445388112671,1.1832366540941146,4.1423652964741144,7.017585442456471,0.31307120635234675,0.4432800719886042,0.957622280494123,3.982958916232387,6.604118874695634,0.3432614092229541,0.49663559435490245,1.2548970741326426,3.989124876956175,6.10244840561638,0.29359626263305677,0.3905678044546724,0.8922166874049994,3.961488060605634,6.677510532644653,11.237482913100344,11.237482913100344,11.237482913100344,11.237482913100344,11.237482913100344,REM
123,0.4381793397535398,1.0313288656025017,1.411321247767174,2.09057213143548,2.6333102556467467,0.3702835083327497,1.026612552686423,1.2423121613237291,1.8910571705324564,2.7084533306749883,0.4255192905928787,1.0404272626613016,1.270712835817405,1.963684179178402,2.381140146035451,0.3106266068592465,1.027186015827275,1.2722202814153076,1.911456364162877,2.334868278199694,10.439747314949726,10.439747314949726,10.439747314949726,10.439747314949726,10.439747314949726,N2
124,0.2726958718953276,0.3236417632656593,0.3194755481258934,1.5438504298214464,11.416002254861079,0.27406181153748854,0.3372048320612147,0.32705711737354254,1.53693257119337,10.266538283829338,0.3071654558767158,0.4281873940746555,0.3666599325980948,1.5412821342259018,7.8861591521373375,0.268808527936444,0.32905588853229434,0.3259099322675164,1.5336698503512887,8.043857022751535,11.459279713644989,11.459279713644989,11.459279713644989,11.459279713644989,11.459279713644989,Awake
125,0.22429734071574323,0.3088402708928515,0.309937086732818,1.5891465785359646,12.110623098616129,0.26155989800983165,0.33496637015647185,0.33116889876039496,1.5634966944577302,11.4039342897068,0.26811873176074,0.4353741118669673,0.3732142667274239,1.550659357965006,10.251105089479653,0.2874773206298947,0.36690901082178673,0.35681028607218346,1.5561348127831198,10.386967201946915,11.936392699080685,11.936392699080685,11.936392699080685,11.936392699080685,11.936392699080685,Awake
126,0.18725853688734254,0.3003191801689065,0.3079082379430555,1.7548995875429096,12.260605756435483,0.20892065361321485,0.30940005666083564,0.31337420931169246,1.6632976133624675,11.944178498331292,0.19666666666666668,0.3138293945583951,0.3127654428197306,1.5449016109947977,11.333243409229302,0.21768989156340934,0.3148760289070079,0.3183852003508784,1.5495455327368377,11.520488512018726,12.156295579748882,12.156295579748882,12.156295579748882,12.156295579748882,12.156295579748882,N3
127,0.20056835343366866,0.30119038208167126,0.31251630342959197,2.206127778085991,12.588927611703019,0.22608517459762703,0.3137639869490644,0.32454906988841,1.7357938376758872,12.40461606384325,0.19804289347088674,0.30815259968294606,0.31825139531081986,1.6278293507188422,12.191997172806774,0.22976370040694277,0.32112648944336897,0.3251666239535253,1.6505218030132844,12.404268530541314,12.398034342409105,12.398034342409105,12.398034342409105,12.398034342409105,12.398034342409105,Awake
128,0.24241088785108825,0.3155731207784072,0.3301535408627595,2.2659392590322387,12.78205219347206,0.2343226381838343,0.32332140107803253,0.33476728603982386,2.0582759026325945,12.67468813992852,0.24155105791580983,0.3188346837399525,0.3270217269181715,1.7071125719569091,12.46867363524373,0.24182689452081257,0.32405798901880734,0.33210142731504677,1.7078121156093906,12.617670149437256,12.527737420974663,12.527737420974663,12.527737420974663,12.527737420974663,12.527737420974663,REM
129,0.22705099470165585,0.309258494348224,0.31834357286662357,3.022636030260433,12.46616205461337,0.24901968289501908,0.3271934528005649,0.3180277765646683,2.5396740823271875,12.429825974865132,0.24027761721253454,0.3339642177920144,0.3194439613522917,2.126814403320807,12.372670999194996,0.2524668417294427,0.3306932486328651,0.3178030292997514,2.162893866222569,12.408562406163512,12.431662103945179,12.431662103945179,12.431662103945179,12.431662103945179,12.431662103945179,N2
130,0.18095300751771207,0.335690981967269,0.6714523805302407,4.058914323748202,10.132376163172095,0.20663306178398044,0.3077918167676585,0.3782986605094048,4.035293791987683,9.711919795339698,0.21071307505705478,0.29249881291307056,0.3554183763147624,3.899385991551889,9.858380466998556,0.22475226416415378,0.30437347104592266,0.3659066196736373,3.9455967018099214,9.720972681606675,11.844239030947586,11.844239030947586,11.844239030947586,11.844239030947586,11.844239030947586,N3
131,0.22908721566458565,0.30930248497366497,0.3287263264973255,2.592071462579723,12.928894330791788,0.19878954688468228,0.39652658590986467,0.4967735405768742,2.122194880568491,11.968146444666678,0.18749814813900315,0.29258532574192136,0.3018461712712471,1.5828825869124405,12.435524829205145,0.18272288942819298,0.3076975426905092,0.31315992049186175,1.859581792889048,11.785143189626506,12.734163951966206,12.734163951966206,12.734163951966206,12.734163951966206,12.734163951966206,N2
132,0.19943741736873757,0.30574098681794043,0.32593455375785685,2.571439550241114,12.95212030550069,0.20021207891436008,0.29464144353249727,0.3234917519508757,1.7595989827932133,12.358545501537806,0.18537915767088123,0.321741019999964,0.3960857869417734,2.8869685925414896,12.920708997096654,0.19821424996424675,0.3460250472629595,0.44790872085975547,3.0788092936501723,12.638989059432106,12.657418044591699,12.657418044591699,12.657418044591699,12.657418044591699,12.657418044591699,N3
133,0.4983455621551456,0.37429177263968766,0.3419501893153287,2.512928746374187,12.38113502612533,0.4663689526544407,0.39903432817456735,0.33770969708637755,1.730305760462977,12.398796785510884,0.5420457363054464,0.4471583805364163,0.37578066888959466,2.7640614686488307,12.630898279933406,0.4521676188710948,0.39445070417568195,0.346675569686247,2.200775676948224,12.34462391108668,12.507581149935515,12.507581149935515,12.507581149935515,12.507581149935515,12.507581149935515,Awake
134,0.34177872726765524,0.33009343829366705,0.3842358497181345,2.6707749391347457,12.698779522479477,0.2701759828859613,0.3148676970835,0.34017243267292746,2.6666687499991855,12.809306753535607,0.38733020971520515,0.3325991915537711,0.3283497833818585,2.620471166756556,12.896366652647021,0.31699982474583316,0.3032519223270673,0.3180496117833749,2.5553065096040206,12.943949632888925,12.558460291329064,12.558460291329064,12.558460291329064,12.558460291329064,12.558460291329064,N1
135,0.2567496994414312,0.28440533496723125,0.31028624046259007,2.8662751275088647,12.188199787456584,0.2625721535168363,0.29632731319135913,0.32482473906879533,3.026904614157815,12.40973388359833,0.3098964382969508,0.5668844897255154,0.7689025368088673,3.775216288464987,12.448199284719804,0.2048305532764962,0.30367298851003743,0.40099259560295525,3.566393897496289,12.494265153597274,12.494667751573958,12.494667751573958,12.494667751573958,12.494667751573958,12.494667751573958,REM
136,0.21013762901786948,0.3209272987231839,0.5857500956919892,3.887925637102279,10.793280810652366,0.22117740491389357,0.33538074916962696,0.5838280970573265,4.004161569735069,11.276405006762715,0.22874051285730357,0.3155946767611901,0.44625879664186663,4.018583989908713,11.024282737509193,0.2074685756362714,0.31435805644888604,0.3594165367836882,3.819709930167117,10.997597998126459,12.21955547472984,12.21955547472984,12.21955547472984,12.21955547472984,12.21955547472984,N2
137,0.21880939426909476,0.9035542064987758,1.4578495018581386,3.3131689415684997,7.133012199523343,0.23811178513929587,0.97857353982187,1.514032714880493,3.5512771133498506,7.1229180627320865,0.22915841735994247,0.9049800488899679,1.5125438469310195,3.493610393310466,7.46930550261254,0.20672639519213742,0.8690771322088705,1.5015235061450658,3.4403875750657327,7.08116167145504,11.222501384866625,11.222501384866625,11.222501384866625,11.222501384866625,11.222501384866625,N3
138,0.23551169745298914,0.31381674968196355,0.31018281494113614,2.6903185794542863,12.727782349546018,0.2687212516923645,0.3294608390149643,0.4237760152617308,3.006492152281195,12.85323632205591,0.25991451586157227,0.32103997674225354,0.31306726291822806,1.6421605761997498,12.781872580598929,0.2390025569365781,0.29847555062515185,0.31006968551689007,1.6713375289876276,12.521982892320038,12.627166146403907,12.627166146403907,12.627166146403907,12.627166146403907,12.627166146403907,Awake
139,0.20496390921728785,0.31412116904713255,0.4334026632136972,2.7471066618058115,13.03745023448912,0.20423298242720528,0.28276413413931345,0.2995361640607804,2.9578113258803675,13.000923744483565,0.2328460520400062,0.3011931007686219,0.31346136076294606,2.0535632988106847,12.975038523694566,0.2035517952102936,0.28487814158962,0.29882279318752614,2.3454026477871364,13.191638017329266,12.636099275048801,12.636099275048801,12.636099275048801,12.636099275048801,12.636099275048801,N2
140,0.1875277757204696,0.3041157584832179,0.32285047050276233,2.0223503983698885,12.620485955764035,0.18720161442798633,0.3042882811162654,0.3211591659544271,2.3620008127657752,12.58286533346042,0.17462835316292447,0.2916026384747437,0.31191166840772205,2.621960674338533,12.933482053364102,0.1876462392671676,0.30038863715748837,0.31539902220818056,2.134209600129274,12.797501492261866,12.45700482994742,12.45700482994742,12.45700482994742,12.45700482994742,12.45700482994742,N3
141,0.28835328860205317,0.3249772362514529,0.37025608592026915,2.6530421079025217,12.599115480237225,0.31376398694906477,0.5112255306710312,0.7324312633657547,3.7952746773511943,12.739407352438258,0.23354752074137802,0.2831568077546038,0.3014962686336265,3.4752722604064594,12.838305963015529,0.2807925291820359,0.29486343354923567,0.33249709921690174,3.1719762504365216,12.968256067494146,12.586277960099597,12.586277960099597,12.586277960099597,12.586277960099597,12.586277960099597,REM
142,0.21380050887771976,0.4383128341602251,0.9155923203326657,4.079444879091023,12.135918802054832,0.2382102764417798,0.4043417910018916,0.8570151690606179,4.242018322030734,12.323340095571128,0.2765662468358872,0.673711848137605,0.9957465094646889,4.132115262575557,12.417127756788004,0.21223385657463617,0.3038619732138788,0.37875853084961425,4.0423675986319125,12.526745165622417,12.57964253157546,12.57964253157546,12.57964253157546,12.57964253157546,12.57964253157546,N2
143,0.251138450942802,0.36844374557155096,0.9764362060058466,4.100766036506812,8.724051631595751,0.24528642868851397,0.7557309845359365,1.575570051649347,4.21190054166044,8.49399154013887,0.2573271924041788,0.7023734014480678,1.34603624774629,4.157801532089634,8.40795654920584,0.2573583752927683,0.351371211676571,1.0871329379111634,4.1605242131725495,8.567569919235423,11.801868420814657,11.801868420814657,11.801868420814657,11.801868420814657,11.801868420814657,Awake
144,0.19151206423695424,0.3042931663145912,0.31630806763469294,2.163071638102775,10.552803638173616,0.1714498810976406,0.29673324263376766,0.3088329285840126,2.2056836654649215,10.786447758502963,0.18983098395450565,0.292878435153184,0.29245871292446046,2.668095913281442,10.68699012934378,0.19078784028338916,0.31206995100616075,0.3540401734894561,3.8896418318717854,11.893232903163417,12.074598939739388,12.074598939739388,12.074598939739388,12.074598939739388,12.074598939739388,N2
145,0.15030128472663215,0.28934204820882503,0.30435836378427683,1.8551728867976964,12.213477964565621,0.15110600481568567,0.2881887884317809,0.30788957055139243,1.7361643547391084,12.45412094027762,0.15709162223930911,0.28364688532673077,0.31244950209277755,2.1146987060297633,12.001244842839334,0.158215355656245,0.2978544677365394,0.3166666666666665,2.698147512646408,12.833065365167691,12.445045868403485,12.445045868403485,12.445045868403485,12.445045868403485,12.445045868403485,N3
146,0.19810954618657187,0.296200045780181,0.3022080495543083,1.939853887945161,12.539235484295366,0.20283408655023114,0.3539617053988873,0.48904385170339165,3.2183528491649893,12.81130967370453,0.20513470431299588,0.3119749910837859,0.32012536124709046,1.6478826669246256,11.907918570907267,0.2124983660067897,0.3037705436836767,0.3116978594016254,2.409797133001495,12.377687811362646,12.400107454731547,12.400107454731547,12.400107454731547,12.400107454731547,12.400107454731547,Awake
147,0.25967885277003905,0.3081585273922094,0.320956973260914,1.7925519881960152,12.475449269149392,0.24117702632027632,0.3033450343693518,0.32071053445994013,1.8485225999346444,12.687984254578987,0.2395494742579994,0.3055232306133928,0.31971437870483266,2.350046230173061,12.599760383769006,0.2513199721372373,0.3059270468995693,0.3306204418108622,3.4324560187987343,12.975407936211914,12.441173738839916,12.441173738839916,12.441173738839916,12.441173738839916,12.441173738839916,N2
148,0.18219871536892382,0.2926697038566776,0.3156697519406149,1.9897426878163973,12.442420135201251,0.17546674969040016,0.291616926975725,0.3161003708388274,1.7595168914670922,12.325045400963134,0.16300041657145897,0.28538256757647823,0.32460612409883643,2.86014093583507,12.715553031185424,0.17266609466514715,0.2940143609493326,0.31686933085975066,2.551025937408973,12.558664118625218,12.25209830555113,12.25209830555113,12.25209830555113,12.25209830555113,12.25209830555113,Awake
149,0.16188305176571002,0.295046404744035,0.3149923513450694,3.001001533502048,12.245017497526872,0.1730437395645076,0.2938773364669156,0.33547644394866893,3.627580392792533,12.49754993272633,0.166829550036653,0.28372304353382843,0.3146642341400011,2.60744423374667,12.20259939925774,0.16436935222424298,0.2873054897568865,0.3355187617796847,3.786278670784748,12.198654297366847,12.447241122254985,12.447241122254985,12.447241122254985,12.447241122254985,12.447241122254985,N3
150,0.2119069020758698,0.35472195364692755,0.3634553249611709,3.7046084250250315,11.132144107327392,0.21094949954438064,0.32205503325432505,0.3855875747191261,3.908415264086352,11.52363732872354,0.21836655104956887,0.3229589279394555,0.3730504880933231,3.7802351484765837,11.377878905800573,0.21280025990887314,0.5776965754903981,1.0356580779007072,3.997616728273591,11.063584186949926,12.195670798370307,12.195670798370307,12.195670798370307,12.195670798370307,12.195670798370307,N1
151,0.24537444198621264,0.6837088730806788,1.3236642606151807,3.8131931435626703,7.110083367129274,0.2616253800879664,0.8279043527388613,1.4150961883286326,3.9972198671910286,7.279921206838551,0.25573906454783646,0.4457148509922702,1.001313335106313,3.807740005648665,7.156470697173722,0.26640032995938484,0.7849699215752015,1.2638960927755627,3.8228114855850506,6.644261981887126,11.359802345698332,11.359802345698332,11.359802345698332,11.359802345698332,11.359802345698332,N2
152,0.24631709003546115,0.3312670651917055,0.3212789775349386,2.158840339158346,12.1268770667592,0.21650635094610993,0.3283046612786421,0.2874021572639982,1.4926854580062103,11.614678598679225,0.21988773791175947,0.2956912804486012,0.2926169703862453,1.490927708542157,7.664359073007996,0.2146055813709316,0.27384099198054485,0.28185671870037654,1.500610575321071,7.98707721692584,11.478417022104283,11.478417022104283,11.478417022104283,11.478417022104283,11.478417022104283,N2
153,0.15897988292423407,0.26656673297553785,0.30247242710864997,1.5894847209094334,11.136046850466382,0.16632928815685308,0.27035584689556347,0.29587441029373684,2.1532412404340966,12.674667977242366,0.1611264360527525,0.2737846319488332,0.3044849932445129,1.5463972466492704,9.894238503066093,0.15267572349004893,0.2727636339397172,0.3094080369565943,1.5469619769162695,9.613301548722307,11.788633621699619,11.788633621699619,11.788633621699619,11.788633621699619,11.788633621699619,N3
154,0.16963078486702576,0.278139673553658,0.3043021085083551,2.180553300979524,12.64377674890658,0.17594190960528855,0.2823244565485464,0.30266052775631014,1.5561517706616328,11.56912732658628,0.1658647373949964,0.2812318581254466,0.30992034022301684,1.5444880089779085,9.436925438319152,0.16218035989540308,0.28423820648303305,0.3103741270876682,1.5493961388430428,9.01467315540422,11.652249167721513,11.652249167721513,11.652249167721513,11.652249167721513,11.652249167721513,N3
155,0.24593013774863232,0.34812617932969914,0.43360771010038923,2.7635808132863837,12.503659518738667,0.23542645833455225,0.3104874701752111,0.28138546120540386,2.834088080302655,12.680148965125671,0.20971467977607156,0.2859012175084944,0.2910623368809801,1.5547474091224083,12.185362804064013,0.2038517980189421,0.2813635230422832,0.28858958854623273,1.5820556248122248,12.203087496385674,12.41052186206885,12.41052186206885,12.41052186206885,12.41052186206885,12.41052186206885,N2
156,0.2102697759660367,0.4720630650823743,0.9312100483752371,4.023083873706252,10.377088577579878,0.19688547150282307,0.3037542866638537,0.6327150978613741,4.0623183720082245,10.174496241359183,0.19776529298921763,0.2830194339616981,0.3409952753012536,3.990618009627761,10.40704153831659,0.20245712852080286,0.292363717328051,0.33883606145628864,3.901490060394621,10.226416349729979,11.962550991415762,11.962550991415762,11.962550991415762,11.962550991415762,11.962550991415762,N2
157,0.3194485753454688,0.3399496427960886,0.34780947165284154,2.0154631254322988,12.699440602246113,0.27794661535563675,0.3322106092359014,0.35245173034363475,2.2753377174377984,12.638296433000571,0.2548032404778728,0.3280620236449574,0.34640303365934205,2.730870841976154,12.795244149273056,0.2638859648960813,0.3226147034987405,0.34891188883848545,2.7132423317162964,12.994056761116264,12.47602723448276,12.47602723448276,12.47602723448276,12.47602723448276,12.47602723448276,N2
158,0.25837623080305006,0.3352154348401968,0.3538245846951477,2.336934102137334,12.598438345796435,0.23045848023258128,0.3305924349175151,0.3564641169411957,2.4321521105574146,12.798716406994366,0.2311565126344774,0.32804132530995417,0.3629185535946186,2.7239187457289042,12.779965223392088,0.2412825811172811,0.32659107213005945,0.34904455126162925,2.0177022134651645,12.904383837371787,12.447535695425376,12.447535695425376,12.447535695425376,12.447535695425376,12.447535695425376,N3
159,0.2535109474036864,0.3323673076746328,0.3517436321618917,2.017803075550405,12.543677785281014,0.2451977030484724,0.33397114904593456,0.3479263970695207,2.6302581669279848,12.868500684871695,0.2542575732996894,0.331073823403799,0.3512605167354907,2.593806726287317,12.876049927225154,0.26270435901772465,0.3297511220134599,0.3693989111456009,3.1990586964308543,12.995819650759302,12.552023741214004,12.552023741214004,12.552023741214004,12.552023741214004,12.552023741214004,Diff
160,0.3596092613680551,0.33384450601292104,0.3391813540419126,2.57008205485885,12.916372926218923,0.29720093381705315,0.3314278872461468,0.34328838253026706,2.7132389190962796,12.849038442190478,0.311715682420161,0.3337201459343877,0.3277702447345294,2.2507033194312327,12.874153262340105,0.30715942697603604,0.32590993226751663,0.3393621467793169,3.3677374534775635,13.060783634062789,12.54548256899227,12.54548256899227,12.54548256899227,12.54548256899227,12.54548256899227,REM
161,0.26259001264181586,0.32585523266177746,0.3298470751280385,2.5353832111163954,12.691035134657659,0.21524892279737923,0.31956519456950716,0.3611517071198131,3.8079706448578055,12.852364568436426,0.23240290684737813,0.3182591536608001,0.346810867444747,2.946937309508439,12.78951851910842,0.21437246921084702,0.3213954911450921,0.34869952398116566,3.8358009770845087,12.750625692708395,12.58379479948539,12.58379479948539,12.58379479948539,12.58379479948539,12.58379479948539,N1
162,0.27199439770140926,0.31596090346276495,0.3380965794742005,2.9096142531340474,12.785266499208465,0.2862895883455453,0.5780691039044454,1.0391289086965532,4.233190249842075,12.827351949045894,0.26374557511939734,0.31829794257411337,0.40994429010251393,3.525478515809179,12.785453974471663,0.267184682047807,0.6656659155395526,1.0337042345102612,4.142984699733057,12.61260607879138,12.700009378824182,12.700009378824182,12.700009378824182,12.700009378824182,12.700009378824182,N2
163,0.26841307388294733,0.5196852789098861,1.0831633566285626,4.302316414515817,12.408282143779497,0.2442139064401647,0.44876063899490004,0.6523033737135083,4.00986511118224,12.283799428314586,0.23076897752439413,0.3180884262490233,0.39503711343069353,4.056584496565773,12.529324812092373,0.22847049138148834,0.3445322468736454,0.6507166040339162,3.9729376201160425,11.921159784907006,12.468940969019338,12.468940969019338,12.468940969019338,12.468940969019338,12.468940969019338,N3
164,0.2744427460540322,0.5302865780644305,0.9334810378752009,4.155246417375942,10.247842049264172,0.30497672447112406,0.7553126652070801,1.3670517750091098,4.152475499961166,10.139869358985054,0.3235604395235784,0.7625825193154054,1.33659970276523,4.174065283108819,10.379348025386696,0.3652430274978601,1.0139526616169023,1.4694149335410958,4.161710237242071,10.198392574867432,12.029461168315065,12.029461168315065,12.029461168315065,12.029461168315065,12.029461168315065,N2
