,0,1,2,3,4,5,6,7,8,9,10,11,12,13,14,15,16,17,18,19,20,21,22,23,24,25,26,27,28,29,30
0,1.4785714285714289,4.903809523809523,8.926190476190483,13.663809523809526,32.692857142857115,1.4733333333333343,4.82,8.795555555555556,13.549999999999995,32.70555555555559,1.4444444444444442,4.8866666666666685,8.876666666666669,13.644444444444442,32.68888888888893,1.4522222222222219,4.855555555555555,8.931111111111111,13.738888888888884,32.72888888888892,1.667777777777778,5.075555555555555,8.942222222222219,13.775555555555554,32.727777777777796,0.7558333333333332,4.452499999999999,8.454166666666667,12.82,31.34666666666667,Awake
1,1.3090476190476195,4.623809523809526,8.629047619047618,13.486666666666663,33.0004761904762,1.402222222222222,4.65,8.600000000000001,13.391111111111117,33.02333333333333,1.4522222222222227,4.641111111111113,8.599999999999998,13.437777777777784,33.02333333333332,1.348888888888889,4.594444444444446,8.558888888888891,13.412222222222216,33.055555555555536,1.3733333333333335,4.604444444444445,8.588888888888889,13.527777777777775,33.11444444444441,0.6875000000000001,4.2875000000000005,8.274166666666666,12.640000000000002,31.489166666666666,N2
2,1.710952380952381,4.732857142857144,8.50571428571429,13.547619047619053,33.151428571428575,1.6933333333333331,4.741111111111112,8.471111111111103,13.276666666666662,33.00777777777777,1.6933333333333325,4.7233333333333345,8.46888888888888,13.362222222222218,33.005555555555546,1.7788888888888892,4.821111111111114,8.528888888888885,13.625555555555561,33.44777777777779,1.7677777777777777,4.776666666666667,8.52333333333333,13.468888888888891,33.16666666666668,0.8491666666666664,4.39,8.250833333333333,12.61083333333333,31.518333333333338,REM
3,1.308095238095238,4.612380952380956,8.608571428571432,13.741904761904761,33.075238095238106,1.3788888888888884,4.617777777777778,8.571111111111112,13.675555555555553,33.00888888888887,1.4211111111111112,4.619999999999999,8.564444444444442,13.692222222222217,33.00666666666665,1.475555555555555,4.688888888888889,8.686666666666671,14.172222222222224,36.175555555555555,1.4411111111111117,4.613333333333337,8.583333333333334,13.75888888888889,33.11333333333332,0.6991666666666668,4.2975,8.274166666666666,12.82333333333333,31.506666666666664,N2
4,1.1385714285714288,4.525714285714279,8.577619047619054,13.500476190476183,32.649999999999984,1.266666666666666,4.537777777777775,8.533333333333324,13.48444444444445,32.668888888888894,1.2766666666666666,4.53333333333333,8.542222222222216,13.44111111111111,32.604444444444454,1.146666666666667,4.502222222222224,8.545555555555554,13.456666666666663,32.969999999999985,1.2511111111111108,4.523333333333332,8.547777777777773,13.501111111111115,32.66555555555557,0.6066666666666667,4.238333333333334,8.235833333333332,12.691666666666666,31.300000000000008,N3
5,1.6176190476190482,4.785714285714288,8.623333333333344,13.619523809523814,32.262380952380944,1.5833333333333333,4.741111111111111,8.646666666666658,13.444444444444441,32.218888888888884,1.7011111111111117,4.836666666666668,8.65666666666666,13.444444444444446,32.23111111111109,1.6588888888888884,4.9222222222222225,8.713333333333331,13.584444444444443,32.36222222222221,1.6644444444444446,4.786666666666667,8.647777777777772,13.56666666666667,32.50111111111112,0.8191666666666664,4.39,8.304166666666665,12.731666666666664,31.071666666666662,REM
6,1.3747619047619046,4.587142857142859,8.452857142857148,12.773809523809536,32.79190476190474,1.3122222222222217,4.597777777777777,8.41888888888888,12.788888888888884,32.823333333333366,1.2399999999999995,4.605555555555554,8.457777777777771,12.796666666666667,32.682222222222265,1.3855555555555557,4.612222222222223,8.487777777777776,12.898888888888886,32.72222222222224,1.3222222222222217,4.593333333333334,8.483333333333333,13.059999999999995,32.801111111111126,0.6383333333333333,4.3,8.2375,12.472499999999998,31.455000000000002,N3
7,1.5476190476190474,4.611904761904762,8.45428571428572,13.173333333333334,33.00285714285714,1.5788888888888892,4.577777777777778,8.436666666666657,12.906666666666666,32.88888888888891,1.521111111111111,4.567777777777776,8.435555555555544,12.897777777777785,32.86000000000003,1.5399999999999996,4.613333333333332,8.454444444444434,13.20222222222222,33.01555555555556,1.6133333333333326,4.625555555555555,8.451111111111103,12.972222222222225,32.88777777777778,0.7341666666666667,4.273333333333334,8.214166666666666,12.414166666666665,31.415833333333346,REM
8,1.1099999999999997,4.555238095238094,8.508095238095244,13.10238095238095,32.86285714285713,1.1,4.554444444444443,8.482222222222212,12.978888888888891,32.85333333333336,1.0777777777777775,4.616666666666663,8.53888888888888,13.034444444444448,32.87888888888892,1.1777777777777778,4.578888888888889,8.51444444444444,13.056666666666665,32.88777777777779,1.1766666666666665,4.583333333333333,8.525555555555554,13.198888888888883,32.84333333333335,0.5749999999999998,4.303333333333333,8.273333333333335,12.548333333333336,31.42833333333333,N2
9,1.315714285714286,4.538095238095235,8.444285714285716,13.11904761904764,32.70619047619047,1.303333333333333,4.537777777777776,8.384444444444435,12.94666666666666,32.71000000000004,1.2633333333333323,4.668888888888884,8.548888888888884,13.280000000000001,32.76888888888892,1.3555555555555554,4.611111111111111,8.514444444444441,13.294444444444448,32.73888888888892,1.3566666666666671,4.603333333333334,8.51222222222222,13.272222222222217,32.75000000000002,0.6483333333333333,4.2908333333333335,8.236666666666668,12.6,31.35916666666667,N3
10,1.7647619047619052,4.887142857142861,8.725238095238097,13.454761904761902,32.21238095238095,1.8088888888888888,4.925555555555555,8.704444444444437,13.448888888888888,32.18777777777777,1.7144444444444447,4.833333333333335,8.67666666666666,13.569999999999997,32.18222222222224,1.7700000000000005,4.883333333333332,8.739999999999998,13.459999999999999,32.24333333333333,1.8333333333333333,4.984444444444444,8.77777777777778,13.53555555555555,32.09222222222221,0.8774999999999997,4.459166666666667,8.390833333333337,12.720833333333333,31.020833333333332,REM
11,1.921428571428572,4.989999999999999,8.67285714285714,15.078571428571433,33.41142857142858,2.0244444444444443,5.1866666666666665,8.876666666666667,15.258888888888889,33.38,1.9922222222222223,5.085555555555558,8.79222222222222,15.017777777777782,33.221111111111114,1.86,5.091111111111114,8.79111111111111,15.167777777777774,33.46222222222222,2.0022222222222217,5.327777777777777,8.961111111111112,15.710000000000006,33.62777777777777,0.8133333333333332,4.553333333333334,8.390666666666666,13.352666666666664,31.27266666666667,Awake
12,1.7285714285714282,5.439523809523812,8.852380952380956,13.63666666666668,32.83047619047618,1.738888888888889,5.295555555555557,8.911111111111113,13.878888888888893,32.85333333333334,1.6333333333333333,5.285555555555558,8.85222222222222,13.76222222222222,32.84666666666666,1.7,5.4555555555555575,8.987777777777776,14.100000000000005,32.96444444444444,1.6900000000000002,5.533333333333333,9.225555555555557,13.998888888888882,32.73222222222223,0.6793333333333333,4.517333333333333,8.398666666666667,12.744666666666667,31.010666666666662,N2
13,1.6961904761904771,5.319047619047622,8.909523809523813,13.561428571428578,32.84047619047621,1.6211111111111098,5.1177777777777775,8.835555555555556,13.733333333333336,32.86333333333331,1.5977777777777773,5.151111111111113,8.823333333333332,13.683333333333335,32.877777777777766,1.571111111111111,5.095555555555555,8.841111111111113,13.614444444444452,32.86111111111109,1.6088888888888886,5.122222222222222,8.921111111111117,13.73,32.91555555555553,0.6433333333333331,4.425333333333333,8.337333333333333,12.66,31.101999999999997,N2
14,1.6876190476190465,5.242380952380952,8.850952380952375,13.547142857142866,32.82047619047622,1.656666666666666,5.133333333333334,8.826666666666666,13.720000000000002,32.8111111111111,1.606666666666666,5.084444444444447,8.760000000000002,13.604444444444441,32.79666666666666,1.6366666666666663,5.186666666666667,8.930000000000003,13.796666666666662,32.836666666666645,1.6522222222222218,5.164444444444446,8.942222222222224,13.842222222222224,32.8322222222222,0.6613333333333332,4.436,8.33,12.679333333333334,31.08066666666667,N3
15,1.6838095238095256,4.975714285714286,8.702380952380942,14.343333333333335,33.2180952380952,1.842222222222222,5.162222222222221,8.777777777777779,14.706666666666665,33.160000000000004,1.8255555555555567,5.102222222222223,8.79888888888889,14.516666666666664,33.145555555555546,1.735555555555556,5.112222222222223,8.773333333333333,14.643333333333329,33.339999999999996,1.7399999999999993,5.133333333333334,8.868888888888891,14.731111111111113,33.36555555555555,0.714,4.440666666666668,8.328,12.989333333333335,31.26066666666667,REM
16,1.714285714285715,5.437619047619047,9.094285714285716,13.6147619047619,32.3014285714286,1.6044444444444441,5.194444444444445,8.997777777777776,13.938888888888888,32.20444444444445,1.6144444444444443,5.266666666666666,9.014444444444441,13.835555555555548,32.15666666666667,1.6800000000000002,5.354444444444445,9.123333333333331,14.009999999999998,32.33777777777777,1.7311111111111115,5.348888888888888,9.123333333333337,14.176666666666666,32.42444444444444,0.6600000000000001,4.443333333333333,8.373999999999999,12.829999999999997,30.903333333333332,Awake
17,1.6766666666666665,5.100000000000002,8.699523809523805,12.933809523809517,32.7938095238095,1.7366666666666675,4.912222222222223,8.595555555555556,13.066666666666672,32.844444444444456,1.7433333333333334,5.160000000000001,8.71888888888889,13.09444444444445,32.77888888888893,1.602222222222222,4.793333333333335,8.602222222222222,12.997777777777777,32.73111111111115,1.6655555555555552,4.9399999999999995,8.637777777777778,12.993333333333338,32.79444444444448,0.8500000000000001,4.490833333333334,8.310833333333333,12.440833333333334,31.40583333333334,N2
18,1.8047619047619061,5.058571428571427,8.72809523809524,13.099523809523795,32.88619047619048,1.814444444444445,4.911111111111111,8.692222222222224,13.351111111111113,32.9311111111111,1.7988888888888883,5.044444444444445,8.700000000000005,12.998888888888896,32.82333333333336,1.7977777777777773,4.927777777777779,8.690000000000001,13.150000000000006,32.863333333333344,1.8311111111111107,5.074444444444447,8.754444444444445,13.432222222222224,32.879999999999995,0.9133333333333333,4.5375,8.334166666666667,12.645833333333337,31.448333333333334,Diff
19,1.6519047619047613,5.063809523809526,8.723809523809525,13.323809523809508,32.82761904761904,1.7677777777777777,4.97,8.70555555555556,13.548888888888898,32.89444444444444,1.8033333333333341,5.141111111111113,8.77222222222222,13.30111111111111,32.810000000000024,1.7300000000000004,4.880000000000001,8.697777777777782,13.32666666666667,32.788888888888906,1.666666666666667,4.975555555555555,8.701111111111112,13.378888888888898,32.824444444444445,0.8574999999999999,4.5375,8.376666666666665,12.655833333333335,31.410000000000014,N2
20,1.6661904761904769,5.102380952380954,8.717619047619047,13.3042857142857,32.65047619047617,1.7422222222222221,4.927777777777779,8.665555555555555,13.435555555555567,32.64666666666668,1.7577777777777777,5.217777777777779,8.812222222222225,13.341111111111116,32.597777777777814,1.677777777777778,4.947777777777778,8.768888888888894,13.377777777777784,32.64666666666668,1.7033333333333331,5.0344444444444445,8.706666666666667,13.404444444444447,32.67666666666668,0.8391666666666663,4.5225,8.334166666666667,12.669166666666664,31.300833333333347,N3
21,1.7971428571428594,5.097142857142855,8.885238095238098,13.364285714285694,32.23761904761903,1.8133333333333348,5.027777777777778,8.852222222222222,13.612222222222224,32.17444444444444,1.8033333333333348,5.1322222222222225,8.940000000000005,13.3,32.18888888888891,1.781111111111112,4.937777777777779,8.887777777777782,13.383333333333336,32.10444444444447,1.8322222222222226,5.052222222222222,8.931111111111111,13.474444444444448,32.115555555555574,0.894166666666667,4.535,8.439166666666667,12.660833333333334,31.00250000000001,Diff
22,1.3490476190476202,4.56952380952381,8.405238095238094,12.784761904761924,32.81476190476191,1.2644444444444445,4.549999999999997,8.372222222222216,12.64888888888888,32.70777777777779,1.1766666666666665,4.486666666666665,8.352222222222217,12.765555555555549,32.7688888888889,1.2977777777777777,4.576666666666666,8.40666666666666,12.723333333333326,32.742222222222246,1.3188888888888888,4.565555555555554,8.404444444444435,12.819999999999991,32.68888888888891,0.6108333333333332,4.245000000000001,8.172499999999998,12.329166666666662,31.338333333333335,N3
23,1.4233333333333336,4.611904761904766,8.413809523809526,12.773809523809547,32.824761904761885,1.3455555555555554,4.584444444444445,8.369999999999994,12.905555555555546,32.75666666666669,1.2566666666666664,4.499999999999999,8.353333333333332,12.693333333333321,32.757777777777804,1.3599999999999997,4.604444444444445,8.40999999999999,12.864444444444436,32.80444444444448,1.3799999999999997,4.589999999999999,8.456666666666656,13.115555555555543,32.692222222222256,0.6566666666666666,4.254166666666667,8.174166666666666,12.46333333333333,31.368333333333336,notinclude
24,1.4052380952380954,4.614761904761908,8.453333333333333,13.1861904761905,32.19619047619048,1.2966666666666664,4.596666666666666,8.5011111111111,13.17999999999999,32.208888888888914,1.2577777777777774,4.526666666666663,8.399999999999993,13.121111111111095,32.22777777777779,1.3355555555555565,4.655555555555556,8.589999999999987,13.193333333333324,32.30222222222226,1.3077777777777784,4.628888888888887,8.571111111111101,13.15888888888888,32.23888888888892,0.6541666666666667,4.2875,8.253333333333332,12.58833333333333,31.135000000000005,Awake
25,1.4428571428571428,4.727619047619045,8.632380952380952,12.862380952380974,30.975238095238065,1.3455555555555558,4.661111111111108,8.567777777777767,12.848888888888883,30.931111111111132,1.323333333333333,4.658888888888886,8.574444444444435,12.845555555555547,30.922222222222242,1.4000000000000004,4.732222222222222,8.5911111111111,12.897777777777772,30.984444444444478,1.3666666666666667,4.67333333333333,8.553333333333326,12.805555555555545,30.87555555555558,0.6783333333333335,4.3375,8.2825,12.420833333333329,30.45583333333333,REM
26,1.1271428571428557,4.3619047619047535,8.263809523809535,12.56285714285714,32.4738095238095,1.0744444444444445,4.330000000000001,8.250000000000007,12.515555555555563,31.98444444444444,1.0955555555555556,4.346666666666669,8.266666666666676,12.528888888888895,31.997777777777763,1.1355555555555557,4.355555555555558,8.270000000000003,12.542222222222222,31.93333333333332,1.1288888888888886,4.333333333333336,8.262222222222228,12.52555555555556,31.764444444444425,0.565,4.174166666666668,8.132499999999997,12.269166666666667,30.866666666666667,N2
27,1.187619047619047,4.406190476190469,8.285714285714285,12.567142857142853,32.49857142857143,1.1300000000000003,4.382222222222224,8.27666666666667,12.548888888888895,31.86666666666666,1.131111111111111,4.371111111111113,8.267777777777788,12.541111111111114,31.85111111111109,1.0299999999999998,4.35222222222222,8.247777777777785,12.533333333333339,31.91777777777776,1.1188888888888884,4.341111111111112,8.25222222222223,12.52333333333334,31.575555555555542,0.5916666666666668,4.176666666666668,8.131666666666666,12.271666666666668,30.755833333333335,Awake
28,1.1504761904761904,4.362857142857138,8.262380952380962,12.542857142857134,32.4938095238095,1.098888888888889,4.353333333333334,8.25333333333334,12.532222222222224,32.00666666666664,1.1077777777777773,4.344444444444447,8.254444444444454,12.536666666666669,31.986666666666665,1.046666666666667,4.33111111111111,8.240000000000007,12.513333333333344,32.15666666666664,1.0988888888888888,4.33888888888889,8.253333333333341,12.532222222222229,31.722222222222204,0.5533333333333332,4.169166666666667,8.1275,12.269166666666669,30.790000000000003,N2
29,1.169047619047619,4.393809523809517,8.27285714285715,12.582857142857144,32.55047619047617,1.1400000000000003,4.374444444444446,8.271111111111118,12.544444444444448,32.41777777777777,1.1544444444444446,4.367777777777779,8.268888888888899,12.538888888888897,32.25555555555554,1.0599999999999994,4.353333333333333,8.251111111111118,12.53333333333334,32.53333333333332,1.1444444444444442,4.344444444444445,8.256666666666671,12.532222222222225,32.15999999999998,0.5775,4.178333333333334,8.132499999999999,12.2725,30.93416666666667,N3
30,1.242857142857143,4.380952380952375,8.260476190476192,12.631428571428568,32.575238095238085,1.2499999999999998,4.358888888888889,8.25222222222223,12.53666666666667,32.38333333333331,1.2633333333333339,4.376666666666669,8.257777777777786,12.550000000000008,32.43888888888887,1.1733333333333327,4.333333333333332,8.245555555555562,12.528888888888895,32.39666666666665,1.2211111111111106,4.333333333333335,8.25444444444445,12.518888888888894,32.21888888888886,0.6091666666666667,4.175000000000001,8.13,12.263333333333337,31.06,Diff
31,1.2133333333333327,4.364761904761898,8.262857142857149,12.621904761904768,32.56285714285711,1.2055555555555555,4.392222222222223,8.268888888888897,12.550000000000002,32.43777777777776,1.1944444444444442,4.36777777777778,8.256666666666673,12.535555555555561,32.485555555555536,1.1644444444444446,4.370000000000004,8.273333333333339,12.565555555555559,32.54666666666665,1.1844444444444446,4.355555555555558,8.272222222222231,12.554444444444442,32.45555555555555,0.5691666666666665,4.181666666666668,8.13583333333333,12.277500000000002,31.167500000000004,REM
32,1.1361904761904753,4.359999999999992,8.266190476190479,12.807619047619035,32.65047619047618,1.0544444444444445,4.345555555555559,8.257777777777784,12.547777777777775,32.52444444444444,1.0622222222222224,4.3433333333333355,8.245555555555566,12.53666666666667,32.51111111111111,1.1,4.356666666666669,8.268888888888899,12.557777777777785,32.57777777777775,1.0755555555555554,4.337777777777779,8.257777777777784,12.553333333333335,32.54111111111111,0.5258333333333334,4.170833333333333,8.126666666666667,12.267500000000004,31.209999999999997,N3
33,1.1461904761904758,4.360952380952375,8.25571428571429,12.866666666666653,32.58714285714285,1.0922222222222224,4.342222222222223,8.248888888888896,12.571111111111112,32.55999999999999,1.0844444444444448,4.341111111111113,8.242222222222232,12.577777777777785,32.538888888888884,1.0777777777777777,4.347777777777777,8.248888888888896,12.600000000000007,32.55555555555553,1.1077777777777775,4.3311111111111105,8.244444444444452,12.546666666666672,32.54222222222219,0.5583333333333332,4.170000000000001,8.121666666666666,12.270833333333334,31.240000000000006,Diff
34,1.2252380952380946,4.381428571428564,8.275714285714292,12.958571428571426,32.52476190476188,1.1188888888888888,4.356666666666668,8.267777777777779,12.753333333333336,32.50444444444444,1.154444444444444,4.374444444444444,8.264444444444457,12.687777777777784,32.448888888888874,1.1488888888888888,4.366666666666666,8.265555555555562,12.72444444444444,32.515555555555544,1.1422222222222222,4.3577777777777795,8.255555555555562,12.614444444444445,32.497777777777756,0.5658333333333335,4.185000000000001,8.125,12.303333333333336,31.217499999999998,REM
35,1.1828571428571424,4.395238095238085,8.334761904761912,13.011428571428587,32.34857142857141,1.1411111111111114,4.3788888888888895,8.27000000000001,12.892222222222221,32.3222222222222,1.1455555555555559,4.3788888888888895,8.278888888888893,12.926666666666668,32.33999999999999,1.0855555555555554,4.355555555555554,8.27444444444445,12.935555555555558,32.342222222222205,1.1422222222222222,4.356666666666667,8.257777777777784,12.816666666666666,32.3522222222222,0.5908333333333334,4.186666666666668,8.134166666666665,12.383333333333336,31.15,Awake
36,1.1861904761904751,4.4495238095238,8.441428571428577,13.013809523809535,31.73904761904761,1.1522222222222216,4.366666666666666,8.316666666666675,12.962222222222227,31.773333333333316,1.1677777777777778,4.3755555555555565,8.336666666666671,12.94888888888889,31.724444444444416,1.0966666666666665,4.3577777777777795,8.335555555555562,12.974444444444446,31.73555555555553,1.1311111111111112,4.346666666666668,8.282222222222229,12.933333333333344,31.765555555555526,0.5733333333333334,4.1833333333333345,8.145,12.4625,30.86416666666667,REM
37,1.2242857142857144,4.498571428571421,8.427619047619057,12.701428571428574,31.176190476190477,1.1666666666666667,4.491111111111113,8.428888888888894,12.693333333333332,31.262222222222206,1.2066666666666668,4.4844444444444465,8.431111111111118,12.684444444444448,31.214444444444432,1.1744444444444444,4.483333333333336,8.430000000000007,12.693333333333337,30.958888888888882,1.207777777777778,4.4811111111111135,8.415555555555564,12.70666666666667,31.133333333333322,0.5966666666666663,4.234166666666669,8.199166666666665,12.340000000000002,30.59416666666667,Awake
38,1.513809523809524,4.671428571428572,8.466666666666665,12.951904761904755,32.99142857142858,1.4733333333333332,4.6388888888888875,8.472222222222218,12.86555555555556,32.27111111111112,1.5977777777777775,4.690000000000002,8.531111111111104,13.002222222222226,32.39,1.5699999999999998,4.696666666666669,8.563333333333333,12.89444444444445,31.726666666666656,1.4855555555555555,4.645555555555559,8.543333333333333,12.888888888888886,31.786666666666665,0.7391666666666664,4.3275,8.285833333333333,12.439166666666669,30.86083333333334,Awake
39,1.3895238095238094,4.618571428571433,8.47476190476191,12.972380952380936,32.61619047619048,1.3866666666666665,4.593333333333334,8.464444444444437,12.897777777777778,32.31888888888891,1.4611111111111115,4.650000000000001,8.507777777777774,13.009999999999998,32.02777777777777,1.4255555555555555,4.675555555555557,8.536666666666664,12.984444444444453,32.013333333333314,1.4144444444444442,4.653333333333335,8.529999999999998,12.970000000000004,32.18666666666665,0.7025,4.325833333333333,8.258333333333333,12.486666666666668,31.035833333333336,N2
40,1.4857142857142864,4.6242857142857146,8.442857142857145,12.831904761904763,32.68238095238092,1.521111111111111,4.634444444444444,8.462222222222218,12.798888888888893,32.52222222222224,1.548888888888888,4.674444444444443,8.50555555555555,12.84777777777778,32.39777777777779,1.5055555555555555,4.680000000000003,8.519999999999998,12.850000000000003,32.232222222222234,1.533333333333333,4.691111111111112,8.53222222222222,12.881111111111116,32.49000000000002,0.7516666666666666,4.330833333333333,8.251666666666665,12.416666666666666,31.20166666666667,Awake
41,1.5376190476190486,4.68666666666667,8.456666666666672,12.848571428571445,32.7228571428571,1.543333333333333,4.690000000000001,8.437777777777768,12.746666666666663,32.55555555555558,1.5044444444444443,4.661111111111111,8.436666666666657,12.733333333333329,32.560000000000024,1.5466666666666662,4.690000000000003,8.453333333333326,12.746666666666663,32.42000000000003,1.505555555555556,4.661111111111112,8.428888888888883,12.75111111111111,32.59444444444448,0.6991666666666665,4.301666666666667,8.2,12.357499999999996,31.285833333333336,N3
42,1.5457142857142854,4.766190476190478,8.506666666666678,13.059999999999985,32.829047619047635,1.5644444444444443,4.772222222222223,8.508888888888887,12.965555555555557,32.66111111111112,1.6044444444444446,4.768888888888891,8.513333333333328,12.880000000000003,32.74888888888889,1.6277777777777775,4.898888888888891,8.622222222222225,12.98444444444445,32.79777777777775,1.6311111111111105,4.817777777777779,8.551111111111112,12.92111111111111,32.741111111111096,0.7475,4.344166666666666,8.258333333333333,12.419166666666666,31.35000000000001,Awake
43,1.3452380952380958,4.5914285714285725,8.51095238095239,13.26619047619047,32.163333333333306,1.387777777777778,4.574444444444444,8.492222222222214,13.192222222222224,31.95888888888892,1.434444444444445,4.597777777777777,8.48999999999999,13.22333333333334,32.1266666666667,1.44,4.643333333333337,8.524444444444443,13.222222222222227,32.25555555555557,1.4422222222222216,4.641111111111114,8.534444444444441,13.271111111111109,32.253333333333345,0.7108333333333333,4.309166666666666,8.255833333333332,12.626666666666669,31.060833333333342,N2
44,1.324285714285714,4.5452380952380915,8.395714285714286,12.675714285714312,32.57666666666667,1.1044444444444446,4.416666666666668,8.324444444444445,12.603333333333325,32.45333333333335,1.3166666666666664,4.538888888888887,8.372222222222215,12.658888888888878,32.30555555555558,1.3300000000000003,4.553333333333332,8.396666666666658,12.691111111111107,32.52777777777781,1.3966666666666663,4.565555555555554,8.409999999999991,12.704444444444437,32.567777777777806,0.5908333333333331,4.236666666666666,8.172499999999998,12.319166666666664,31.29666666666667,N3
45,1.3985714285714288,4.590952380952381,8.403809523809526,12.75285714285716,32.63761904761901,1.1566666666666665,4.487777777777776,8.362222222222215,12.647777777777769,32.49111111111113,1.24,4.532222222222221,8.369999999999994,12.723333333333327,32.50555555555558,1.281111111111111,4.53111111111111,8.383333333333322,12.719999999999995,32.60444444444449,1.3355555555555558,4.585555555555556,8.405555555555548,12.747777777777772,32.64000000000003,0.6033333333333335,4.265833333333333,8.1975,12.379166666666663,31.31416666666667,REM
46,1.3828571428571426,4.613809523809528,8.49904761904762,12.835714285714296,32.70523809523807,1.2144444444444444,4.513333333333331,8.401111111111101,12.681111111111099,32.68888888888891,1.3255555555555556,4.623333333333337,8.497777777777772,12.785555555555554,32.69777777777782,1.2944444444444443,4.5822222222222235,8.459999999999992,12.830000000000004,32.66888888888893,1.3544444444444441,4.623333333333336,8.508888888888885,12.862222222222226,32.746666666666705,0.6258333333333334,4.282500000000001,8.230833333333331,12.450833333333332,31.369166666666672,N2
47,1.3552380952380942,4.588571428571427,8.422380952380955,12.900476190476216,32.686666666666646,1.1311111111111107,4.479999999999998,8.353333333333328,12.665555555555539,32.6688888888889,1.2811111111111109,4.575555555555556,8.407777777777767,12.721111111111107,32.68222222222225,1.317777777777778,4.562222222222223,8.415555555555544,12.753333333333336,32.66444444444448,1.3344444444444439,4.572222222222222,8.419999999999991,12.795555555555552,32.66444444444448,0.5933333333333333,4.251666666666667,8.195,12.452499999999997,31.335833333333333,N3
48,1.4390476190476194,4.575238095238094,8.40333333333334,12.956666666666688,32.73333333333331,1.2155555555555557,4.4977777777777765,8.362222222222217,12.739999999999986,32.69000000000003,1.3611111111111118,4.537777777777778,8.387777777777771,12.798888888888884,32.730000000000025,1.3400000000000005,4.525555555555556,8.385555555555547,12.886666666666661,32.70111111111115,1.4200000000000004,4.555555555555555,8.39888888888888,12.93666666666666,32.65333333333336,0.64,4.259166666666667,8.1875,12.4675,31.327500000000004,Diff
49,1.388095238095239,4.629523809523808,8.593333333333335,13.180952380952405,31.93714285714284,1.1733333333333333,4.491111111111107,8.41888888888888,13.114444444444434,32.136666666666684,1.3000000000000003,4.534444444444442,8.475555555555546,13.175555555555553,32.13777777777781,1.261111111111111,4.534444444444443,8.526666666666655,13.149999999999997,32.04444444444448,1.3466666666666665,4.5622222222222195,8.507777777777765,13.148888888888887,32.07555555555559,0.6108333333333333,4.255000000000001,8.240833333333333,12.579999999999995,31.07416666666667,N2
50,1.8823809523809514,5.074761904761905,8.65142857142857,13.126666666666653,32.72095238095241,1.9366666666666665,5.146666666666667,8.652222222222225,13.341111111111115,33.0111111111111,1.9244444444444437,5.07111111111111,8.61555555555555,13.246666666666664,32.91000000000002,1.9277777777777774,5.173333333333334,8.722222222222221,13.351111111111111,33.13333333333334,1.7222222222222212,4.939999999999998,8.579999999999991,13.136666666666672,32.86444444444448,0.9408333333333334,4.540833333333333,8.294166666666666,12.654166666666667,31.489166666666673,N1
51,1.6161904761904768,4.758095238095236,8.547619047619044,12.913333333333327,32.67571428571427,1.6455555555555548,4.802222222222225,8.54555555555555,13.145555555555564,32.95666666666668,1.625555555555555,4.791111111111111,8.568888888888882,13.104444444444448,32.915555555555585,1.6911111111111106,4.876666666666666,8.60777777777778,13.09777777777778,32.95333333333332,1.4788888888888891,4.693333333333332,8.485555555555548,12.901111111111105,32.83666666666671,0.8049999999999998,4.389166666666667,8.260833333333332,12.528333333333334,31.48416666666667,N2
52,1.565714285714286,4.686666666666671,8.446190476190484,12.761428571428576,32.67142857142855,1.6033333333333328,4.725555555555555,8.438888888888878,12.932222222222219,32.85777777777781,1.6244444444444435,4.728888888888889,8.4411111111111,12.909999999999998,32.832222222222256,1.6399999999999997,4.768888888888889,8.49333333333333,12.93777777777778,32.92,1.5022222222222223,4.652222222222221,8.423333333333323,12.781111111111105,32.823333333333366,0.7875,4.35,8.218333333333332,12.387499999999998,31.420000000000005,N3
53,1.4642857142857146,4.670000000000003,8.51714285714286,13.163333333333327,33.80428571428571,1.551111111111111,4.721111111111111,8.549999999999997,14.224444444444446,36.15333333333333,1.477777777777778,4.688888888888888,8.51777777777777,13.84111111111111,34.860000000000014,1.4766666666666668,4.747777777777778,8.610000000000003,13.681111111111107,34.575555555555546,1.4311111111111112,4.656666666666667,8.53222222222222,13.23333333333333,33.65333333333332,0.7375000000000004,4.344166666666666,8.27833333333333,13.223333333333331,33.665,N2
54,1.490952380952382,4.6580952380952425,8.537142857142852,13.046190476190464,32.838095238095235,1.5333333333333337,4.66888888888889,8.49777777777777,13.333333333333334,32.85333333333335,1.4966666666666675,4.673333333333334,8.483333333333322,13.264444444444443,32.83000000000003,1.5022222222222223,4.702222222222222,8.545555555555557,13.21444444444445,32.93888888888886,1.395555555555556,4.617777777777778,8.481111111111106,13.076666666666664,32.85666666666668,0.7225000000000001,4.3125,8.23333333333333,12.6375,31.552500000000006,N1
55,1.4661904761904767,4.611428571428579,8.454761904761922,13.171428571428581,32.39047619047616,1.4388888888888896,4.611111111111113,8.575555555555544,13.192222222222219,32.35222222222225,1.457777777777778,4.60888888888889,8.489999999999991,13.189999999999994,32.36666666666669,1.513333333333333,4.685555555555559,8.552222222222216,13.24888888888889,32.477777777777774,1.3955555555555559,4.586666666666668,8.482222222222212,13.152222222222223,32.40222222222226,0.7033333333333333,4.285,8.264166666666666,12.596666666666662,31.176666666666673,N3
56,1.6980952380952379,4.922857142857141,8.523809523809522,12.821428571428578,32.795714285714276,1.7500000000000007,4.935555555555557,8.529999999999998,13.111111111111104,32.85555555555558,1.6866666666666665,4.792222222222221,8.47555555555555,12.811111111111108,32.738888888888916,1.7,4.866666666666666,8.52,12.92,32.88333333333336,1.6755555555555544,4.807777777777776,8.481111111111103,13.056666666666663,32.83000000000004,0.8174999999999997,4.385000000000001,8.238333333333332,12.431666666666665,31.38333333333334,N3
57,1.6685714285714282,4.836666666666665,8.743809523809528,13.71142857142857,33.04380952380951,1.7344444444444451,4.89111111111111,8.703333333333338,13.575555555555555,32.961111111111094,1.8022222222222222,4.986666666666666,8.670000000000003,13.605555555555553,32.97444444444444,1.7166666666666666,4.982222222222224,8.734444444444446,13.63,33.017777777777766,1.7211111111111115,4.9988888888888905,8.638888888888895,13.515555555555556,32.91444444444441,0.8441666666666665,4.500000000000001,8.331666666666669,12.745,31.451666666666657,N2
58,1.5690476190476197,4.79,8.523333333333335,13.210000000000008,32.69523809523807,1.6711111111111112,4.935555555555554,8.628888888888886,13.273333333333335,32.615555555555574,1.6622222222222218,4.753333333333332,8.536666666666662,13.21444444444444,32.637777777777806,1.576666666666666,4.764444444444443,8.521111111111113,13.190000000000001,32.69555555555557,1.6399999999999997,4.790000000000001,8.589999999999995,13.273333333333335,32.59666666666669,0.8158333333333332,4.395833333333333,8.334166666666667,12.649166666666668,31.266666666666673,notanal
59,1.495714285714286,4.7490476190476265,8.646190476190478,13.293809523809516,32.46428571428572,1.6955555555555553,4.912222222222223,8.77777777777778,13.354444444444443,32.40666666666667,1.6011111111111112,4.863333333333333,8.698888888888892,13.356666666666671,32.45555555555556,1.5744444444444443,4.837777777777777,8.665555555555558,13.364444444444446,32.4888888888889,1.614444444444444,4.934444444444443,8.805555555555557,13.378888888888893,32.36777777777779,0.8225000000000001,4.4625,8.381666666666668,12.678333333333336,31.094166666666673,N2
60,2.0690476190476206,4.975238095238093,8.786190476190479,13.465714285714288,32.294285714285714,2.2777777777777795,4.9188888888888895,8.756666666666662,13.393333333333336,32.17666666666666,1.8833333333333337,4.842222222222222,8.695555555555547,13.278888888888888,32.08444444444445,2.258888888888889,5.111111111111109,8.78555555555556,13.512222222222213,32.13222222222222,2.2100000000000004,5.0011111111111095,8.747777777777777,13.39222222222222,32.09444444444444,1.0583333333333338,4.464166666666667,8.378333333333332,12.690833333333334,31.045000000000005,REM
61,1.8404761904761902,4.881428571428574,8.713333333333338,13.160476190476185,31.173333333333332,2.043333333333333,4.82,8.63111111111111,13.044444444444443,31.166666666666668,1.766666666666666,4.831111111111113,8.598888888888887,12.976666666666668,30.98444444444445,1.8855555555555552,4.9577777777777765,8.69111111111111,13.157777777777778,31.1388888888889,1.9099999999999995,4.933333333333333,8.637777777777778,13.044444444444448,31.171111111111124,0.9258333333333332,4.433333333333334,8.3175,12.501666666666667,30.530000000000005,N2
62,1.7700000000000007,4.97761904761905,8.64142857142857,13.491904761904767,33.03333333333332,1.7488888888888887,5.007777777777779,8.638888888888895,13.544444444444444,33.131111111111096,1.8266666666666667,4.974444444444446,8.588888888888892,13.41666666666666,32.97222222222222,1.831111111111111,5.053333333333334,8.651111111111113,13.526666666666666,33.03333333333333,1.8144444444444443,5.07,8.654444444444447,13.674444444444447,33.03666666666665,0.9158333333333333,4.514166666666667,8.307500000000001,12.878333333333334,31.56083333333334,Awake
63,1.490476190476191,4.7323809523809555,8.556666666666676,13.236666666666668,32.85380952380951,1.5088888888888887,4.7200000000000015,8.534444444444443,13.121111111111118,32.86666666666669,1.4488888888888882,4.679999999999999,8.479999999999995,12.901111111111113,32.79444444444447,1.3922222222222222,4.676666666666667,8.504444444444434,12.91333333333334,32.79333333333336,1.3955555555555557,4.663333333333335,8.513333333333325,12.98888888888889,32.85333333333336,0.7183333333333332,4.329166666666667,8.239166666666666,12.532499999999997,31.40833333333334,N3
64,1.4885714285714284,4.690476190476197,8.546190476190484,13.26,32.87142857142853,1.5711111111111111,4.710000000000002,8.513333333333328,13.195555555555558,32.826666666666696,1.5222222222222217,4.627777777777779,8.464444444444437,13.233333333333333,32.76000000000003,1.491111111111111,4.6688888888888895,8.555555555555545,13.117777777777778,32.773333333333355,1.5000000000000002,4.66,8.499999999999991,13.09444444444445,32.7966666666667,0.7708333333333333,4.348333333333333,8.327499999999997,12.671666666666663,31.39,N2
65,1.4519047619047623,4.708095238095243,8.537619047619053,13.294285714285717,32.7395238095238,1.4544444444444444,4.716666666666668,8.46444444444444,13.211111111111109,32.764444444444464,1.4688888888888891,4.670000000000002,8.414444444444442,13.187777777777772,32.688888888888904,1.4466666666666663,4.658888888888889,8.441111111111107,13.191111111111104,32.686666666666675,1.4100000000000006,4.645555555555556,8.45333333333333,13.179999999999993,32.72444444444447,0.7408333333333335,4.325833333333333,8.233333333333333,12.605833333333333,31.351666666666674,N3
66,1.434761904761905,4.67476190476191,8.595238095238109,13.47761904761904,32.51047619047616,1.4855555555555557,4.656666666666669,8.568888888888884,13.445555555555549,32.46333333333336,1.508888888888889,4.634444444444445,8.506666666666659,13.315555555555559,32.44444444444447,1.5133333333333332,4.6644444444444435,8.537777777777771,13.41777777777778,32.48444444444448,1.5044444444444438,4.654444444444445,8.591111111111104,13.427777777777777,32.44888888888892,0.76,4.323333333333333,8.295833333333333,12.681666666666667,31.190833333333337,N2
67,1.8423809523809522,4.8414285714285725,8.610476190476192,13.060952380952385,33.031428571428584,1.873333333333334,4.860000000000001,8.558888888888887,13.15333333333333,33.11,1.8277777777777777,4.783333333333336,8.518888888888887,13.018888888888887,33.03888888888888,1.817777777777777,4.845555555555558,8.627777777777782,13.38,33.209999999999994,1.8311111111111102,4.896666666666668,8.675555555555558,13.451111111111107,33.12888888888888,0.8475000000000001,4.364999999999999,8.270833333333334,12.549166666666668,31.543333333333326,Awake
68,1.7752380952380966,4.965238095238094,8.552380952380954,12.981428571428554,32.882857142857155,1.7388888888888892,4.937777777777777,8.533333333333331,13.135555555555559,32.8988888888889,1.7511111111111108,4.912222222222223,8.511111111111106,13.086666666666666,32.92444444444446,1.763333333333334,4.946666666666668,8.584444444444445,13.492222222222225,33.04777777777776,1.7366666666666668,4.888888888888888,8.546666666666663,13.373333333333337,32.993333333333325,0.8225000000000001,4.405833333333334,8.2525,12.665833333333333,31.447499999999998,N2
69,1.5790476190476195,4.7552380952381,8.492380952380962,12.928571428571418,32.862380952380946,1.5344444444444443,4.703333333333335,8.474444444444439,13.124444444444443,32.763333333333364,1.5022222222222221,4.658888888888891,8.444444444444438,12.98777777777777,32.80333333333336,1.5433333333333334,4.7411111111111115,8.547777777777771,13.274444444444445,32.916666666666664,1.5033333333333334,4.643333333333335,8.449999999999992,13.125555555555552,32.826666666666696,0.6924999999999998,4.2941666666666665,8.205,12.519999999999998,31.416666666666675,N3
70,1.5371428571428583,4.652380952380947,8.418095238095237,13.080000000000013,32.966190476190455,1.5522222222222224,4.682222222222222,8.408888888888885,13.366666666666662,33.356666666666655,1.4722222222222223,4.653333333333335,8.461111111111107,13.22222222222222,32.9311111111111,1.4711111111111113,4.7155555555555555,8.454444444444446,13.329999999999998,32.86555555555556,1.5077777777777777,4.7366666666666655,8.435555555555558,13.31777777777778,32.924444444444454,0.7133333333333333,4.331666666666667,8.2775,12.632500000000002,31.470833333333335,Awake
71,1.6680952380952379,4.887142857142859,8.610952380952382,13.363809523809513,32.81095238095239,1.6766666666666663,4.904444444444444,8.614444444444446,13.489999999999998,32.861111111111114,1.6444444444444448,4.862222222222223,8.591111111111111,13.404444444444447,32.82666666666666,1.7033333333333334,4.911111111111111,8.703333333333333,13.639999999999999,32.91666666666666,1.6777777777777774,4.898888888888886,8.658888888888889,13.515555555555554,32.794444444444444,0.8016666666666666,4.383333333333334,8.299999999999999,12.708333333333337,31.344999999999995,N2
72,1.4676190476190487,4.646190476190473,8.504761904761903,13.24095238095239,32.23476190476192,1.3866666666666663,4.631111111111109,8.542222222222222,13.226666666666665,32.246666666666655,1.4733333333333336,4.702222222222222,8.561111111111105,13.23777777777778,32.139999999999986,1.4077777777777776,4.785555555555556,8.61888888888889,13.223333333333333,32.05333333333333,1.4111111111111112,4.691111111111111,8.571111111111112,13.232222222222223,32.18333333333333,0.6983333333333334,4.367499999999999,8.310833333333331,12.6075,31.051666666666666,Awake
73,1.9704761904761918,4.812857142857144,8.53857142857143,12.896190476190469,31.29714285714286,1.9566666666666659,4.924444444444445,8.57777777777777,12.931111111111118,31.294444444444444,1.9055555555555552,4.861111111111113,8.54888888888888,12.857777777777784,31.181111111111104,2.046666666666666,5.047777777777778,8.653333333333336,13.148888888888886,31.60666666666665,1.9866666666666668,5.005555555555556,8.647777777777774,13.037777777777787,31.378888888888866,0.9325000000000003,4.428333333333332,8.2975,12.467500000000003,30.550833333333333,REM
74,1.7561904761904767,4.9585714285714255,8.635238095238098,13.050476190476186,32.7909523809524,1.6388888888888888,4.813333333333332,8.600000000000001,12.922222222222224,32.14111111111112,1.7111111111111106,4.9,8.620000000000003,12.972222222222227,32.057777777777794,1.5788888888888888,4.825555555555552,8.60333333333334,12.938888888888897,31.692222222222213,1.572222222222222,4.826666666666666,8.604444444444447,12.952222222222227,31.825555555555567,0.8083333333333332,4.406666666666667,8.298333333333334,12.452500000000004,30.823333333333338,N2
75,1.5880952380952373,4.755238095238094,8.515714285714282,12.980000000000008,32.90619047619047,1.7088888888888887,4.754444444444445,8.51111111111111,12.874444444444439,33.01666666666666,1.6977777777777776,4.8122222222222195,8.536666666666665,12.898888888888889,32.67555555555555,1.7033333333333334,4.797777777777777,8.547777777777776,12.90444444444444,32.396666666666675,1.7566666666666673,4.82111111111111,8.574444444444442,12.904444444444444,32.27111111111112,0.8400000000000001,4.396666666666667,8.259166666666667,12.439166666666669,31.282500000000006,Awake
76,2.0804761904761913,5.187142857142857,8.770952380952382,13.522857142857138,32.554285714285726,1.9977777777777785,5.058888888888889,8.67888888888889,13.351111111111111,32.63333333333333,2.1055555555555547,5.115555555555558,8.653333333333336,13.220000000000008,32.587777777777774,2.0100000000000002,5.064444444444445,8.677777777777779,13.112222222222224,32.72222222222222,2.0733333333333337,5.167777777777777,8.706666666666674,13.208888888888882,32.621111111111105,1.0499999999999998,4.594166666666668,8.356666666666667,12.5625,31.33416666666667,N2
77,1.8585714285714292,5.043333333333333,8.791428571428566,13.258571428571432,31.511904761904766,1.8155555555555556,4.913333333333332,8.743333333333336,13.256666666666662,31.67222222222223,1.8699999999999994,4.982222222222223,8.734444444444447,13.262222222222226,31.632222222222218,1.7711111111111115,4.854444444444443,8.661111111111115,13.23777777777778,31.719999999999995,1.8588888888888884,4.966666666666666,8.706666666666672,13.262222222222224,31.613333333333326,0.9249999999999999,4.465833333333333,8.339166666666667,12.615000000000002,30.814166666666665,N3
78,1.2557142857142856,4.514285714285712,8.418095238095239,12.880952380952385,32.816190476190485,1.357777777777778,4.5788888888888915,8.426666666666662,12.821111111111106,32.784444444444475,1.3755555555555556,4.563333333333336,8.403333333333324,12.741111111111106,32.694444444444485,1.3933333333333338,4.596666666666665,8.449999999999992,12.875555555555552,32.793333333333365,1.4500000000000006,4.67888888888889,8.498888888888887,12.892222222222221,32.83444444444446,0.49399999999999994,4.200666666666668,8.152000000000001,12.326666666666664,31.103999999999996,N2
79,1.1804761904761902,4.463809523809518,8.36380952380952,12.72476190476192,32.63190476190477,1.3144444444444447,4.571111111111113,8.43666666666666,12.93,32.754444444444474,1.348888888888889,4.578888888888889,8.434444444444434,12.972222222222218,32.76888888888892,1.3388888888888888,4.574444444444442,8.451111111111103,13.107777777777773,32.85222222222225,1.3833333333333335,4.6833333333333345,8.571111111111106,13.256666666666668,32.8577777777778,0.45333333333333325,4.1833333333333345,8.145999999999999,12.277999999999999,31.062,N3
80,1.4528571428571433,4.5880952380952404,8.458095238095243,13.263333333333332,32.946190476190466,1.4277777777777774,4.574444444444446,8.523333333333328,13.267777777777782,32.83555555555555,1.5122222222222221,4.605555555555558,8.508888888888881,13.32222222222222,33.02777777777779,1.4722222222222219,4.587777777777778,8.522222222222219,13.268888888888881,32.822222222222244,1.511111111111111,4.606666666666669,8.508888888888881,13.278888888888885,32.69111111111113,0.5726666666666667,4.217333333333334,8.192666666666668,12.488666666666663,31.07133333333334,N2
81,1.4566666666666668,4.690952380952386,8.563809523809528,13.072857142857144,32.8695238095238,1.4466666666666672,4.682222222222224,8.512222222222222,12.881111111111105,32.84333333333337,1.407777777777778,4.673333333333335,8.523333333333332,12.902222222222218,32.88111111111113,1.5033333333333332,4.756666666666668,8.587777777777779,12.825555555555557,32.85555555555557,1.434444444444445,4.717777777777779,8.553333333333331,12.856666666666666,32.83000000000003,0.6758333333333335,4.317499999999999,8.248333333333331,12.464166666666666,31.43833333333334,N2
82,1.5471428571428585,4.71619047619048,8.47142857142857,12.841428571428585,32.74190476190477,1.5388888888888885,4.703333333333333,8.451111111111105,12.746666666666668,32.78444444444446,1.5755555555555547,4.792222222222223,8.482222222222218,12.758888888888889,32.721111111111135,1.652222222222222,4.83888888888889,8.512222222222217,12.837777777777774,32.83333333333334,1.6633333333333329,4.818888888888888,8.498888888888887,13.05888888888889,32.80555555555557,0.8333333333333331,4.4241666666666655,8.254166666666666,12.436666666666666,31.43333333333334,N3
83,1.446190476190476,4.693809523809527,8.510952380952382,13.16000000000001,32.88428571428569,1.3811111111111107,4.675555555555557,8.456666666666663,12.993333333333323,32.80555555555558,1.383333333333334,4.686666666666669,8.45999999999999,12.901111111111105,32.86111111111113,1.4544444444444444,4.743333333333333,8.522222222222217,12.898888888888886,32.873333333333335,1.3944444444444446,4.704444444444446,8.494444444444438,12.969999999999995,32.772222222222254,0.7033333333333333,4.345833333333333,8.247499999999999,12.47833333333333,31.408333333333342,Awake
84,1.6876190476190487,4.835238095238097,8.595714285714285,13.337619047619041,32.897619047619045,1.6144444444444448,4.780000000000002,8.524444444444436,13.227777777777773,32.828888888888905,1.7022222222222219,4.866666666666666,8.625555555555549,13.350000000000003,32.82555555555557,1.8100000000000007,4.977777777777777,8.549999999999995,13.351111111111107,33.10444444444445,1.7599999999999998,4.89888888888889,8.612222222222217,13.350000000000003,32.87444444444446,0.8774999999999998,4.4350000000000005,8.303333333333333,12.669166666666667,31.418333333333326,N1
85,1.4104761904761909,4.770476190476196,8.700476190476195,13.119523809523834,31.753333333333323,1.3622222222222227,4.735555555555557,8.637777777777771,13.084444444444438,31.577777777777797,1.3911111111111114,4.787777777777778,8.673333333333327,13.073333333333327,31.6988888888889,1.4622222222222219,4.796666666666667,8.705555555555549,13.15333333333333,31.87555555555558,1.4622222222222225,4.780000000000001,8.675555555555547,13.096666666666662,31.72333333333336,0.7291666666666666,4.383333333333334,8.344999999999999,12.553333333333331,30.851666666666667,Awake
86,1.5380952380952384,4.731904761904767,8.526190476190475,12.94809523809522,32.86238095238095,1.4788888888888883,4.717777777777777,8.506666666666662,13.027777777777782,32.97555555555557,1.49,4.731111111111111,8.498888888888887,12.925555555555563,32.88555555555558,1.4422222222222223,4.6755555555555555,8.493333333333329,13.102222222222226,32.83777777777778,1.4466666666666668,4.670000000000002,8.486666666666661,12.847777777777777,32.844444444444456,0.7291666666666667,4.345833333333333,8.2475,12.446666666666667,31.450833333333335,Awake
87,1.351428571428571,4.670952380952389,8.52857142857143,13.179999999999984,32.86761904761903,1.3211111111111111,4.655555555555557,8.511111111111108,13.011111111111111,32.87111111111113,1.2900000000000005,4.6255555555555565,8.478888888888886,12.915555555555557,32.783333333333346,1.3399999999999999,4.642222222222221,8.537777777777775,13.07888888888889,32.78555555555556,1.3255555555555552,4.631111111111112,8.504444444444443,12.906666666666668,32.80444444444444,0.6575,4.3275,8.253333333333334,12.446666666666669,31.40583333333334,N2
88,1.49952380952381,4.7357142857142875,8.50428571428572,13.161904761904758,32.7885714285714,1.4111111111111112,4.666666666666667,8.478888888888882,13.102222222222217,32.768888888888924,1.4355555555555557,4.685555555555555,8.465555555555547,13.128888888888888,32.72333333333335,1.4944444444444445,4.701111111111112,8.544444444444435,13.172222222222219,32.80000000000002,1.4199999999999995,4.638888888888889,8.46999999999999,13.209999999999999,32.78000000000002,0.6891666666666667,4.3275,8.290833333333332,12.619166666666665,31.393333333333338,N3
89,1.7628571428571422,5.023809523809524,8.67238095238095,13.382857142857135,32.64761904761906,1.7999999999999996,4.9766666666666675,8.644444444444444,13.338888888888892,32.586666666666666,1.8411111111111098,5.003333333333332,8.657777777777778,13.378888888888886,32.50999999999999,1.7833333333333334,5.025555555555558,8.687777777777777,13.411111111111111,32.73888888888887,1.7822222222222224,4.97,8.738888888888889,13.408888888888889,32.66666666666667,0.8883333333333334,4.484166666666666,8.3475,12.688333333333336,31.31666666666666,REM
90,1.3200000000000005,4.7152380952380994,8.710476190476196,13.279523809523791,31.882857142857112,1.3444444444444446,4.735555555555555,8.721111111111107,13.276666666666666,31.83333333333334,1.2488888888888883,4.665555555555556,8.657777777777769,13.168888888888894,31.547777777777796,1.2933333333333326,4.6944444444444455,8.658888888888885,13.228888888888887,31.743333333333343,1.3255555555555554,4.732222222222222,8.69666666666666,13.24666666666667,31.74666666666668,0.688333333333333,4.379166666666666,8.363333333333333,12.64416666666667,30.9125,N2
91,1.5399999999999983,4.67761904761905,8.557619047619044,12.990476190476198,32.86285714285715,1.466666666666667,4.576666666666666,8.436666666666657,12.8811111111111,32.76222222222225,1.2566666666666677,4.437777777777779,8.37999999999999,12.95888888888888,32.66222222222227,1.5444444444444445,4.74777777777778,8.643333333333333,13.09444444444444,32.84444444444446,1.533333333333333,4.660000000000001,8.49777777777777,12.898888888888882,32.76444444444447,0.5766666666666665,4.260666666666666,8.188666666666666,12.312666666666663,31.128666666666675,N3
92,1.386666666666667,4.57,8.632380952380949,13.099523809523806,32.83619047619045,1.4466666666666665,4.639999999999998,8.57,13.015555555555556,32.82111111111114,1.2544444444444443,4.518888888888889,8.461111111111103,12.894444444444439,32.74555555555557,1.4588888888888887,4.670000000000002,8.657777777777781,13.291111111111109,32.82333333333335,1.4833333333333334,4.65,8.554444444444442,12.84888888888889,32.71333333333337,0.5646666666666667,4.253333333333333,8.216666666666667,12.318666666666665,31.11333333333334,N2
93,1.1938095238095237,4.468095238095228,8.53190476190476,13.073809523809551,32.774761904761924,1.0811111111111111,4.4155555555555575,8.405555555555543,12.978888888888875,32.71333333333336,0.8044444444444445,4.33555555555556,8.349999999999989,12.831111111111094,32.69222222222226,1.3311111111111107,4.558888888888887,8.557777777777774,13.09888888888889,32.79000000000003,1.2666666666666668,4.53222222222222,8.49666666666666,12.866666666666667,32.72444444444448,0.5033333333333333,4.206666666666667,8.186,12.32066666666666,31.11533333333333,Awake
94,1.3447619047619055,4.504761904761899,8.44238095238096,13.031428571428604,32.73761904761905,1.2377777777777776,4.454444444444443,8.4011111111111,12.977777777777767,32.666666666666714,0.9966666666666668,4.381111111111112,8.313333333333322,12.93333333333333,32.64888888888891,1.4100000000000001,4.601111111111111,8.463333333333324,13.062222222222216,32.773333333333355,1.3922222222222222,4.5744444444444445,8.46888888888888,13.168888888888882,32.78666666666669,0.5346666666666667,4.215333333333334,8.164666666666665,12.335333333333331,31.11866666666667,N3
95,1.333809523809524,4.588095238095241,8.646190476190476,13.237142857142858,32.67571428571426,1.318888888888889,4.595555555555554,8.63333333333333,13.21888888888889,32.65111111111115,1.072222222222222,4.481111111111113,8.536666666666662,13.141111111111107,32.61222222222223,1.3055555555555558,4.604444444444444,8.705555555555552,13.27666666666667,32.64555555555558,1.2811111111111109,4.583333333333333,8.618888888888883,13.219999999999997,32.63333333333336,0.48533333333333334,4.205333333333334,8.190666666666665,12.471333333333328,31.04466666666667,N2
96,1.4271428571428582,4.631428571428575,8.606666666666678,13.211428571428598,32.33857142857138,1.4144444444444444,4.716666666666668,8.71333333333333,13.22222222222222,32.42000000000002,1.2477777777777774,4.543333333333332,8.553333333333326,13.084444444444433,32.098888888888894,1.3866666666666663,4.582222222222222,8.495555555555546,13.168888888888882,32.33000000000003,1.3944444444444444,4.59,8.478888888888878,13.172222222222217,32.382222222222246,0.5126666666666665,4.205333333333335,8.172666666666666,12.429999999999996,30.916000000000004,N3
97,1.2238095238095235,4.560952380952374,8.465714285714286,13.078095238095258,32.76476190476189,1.3422222222222224,4.617777777777778,8.521111111111106,12.887777777777782,32.717777777777805,1.3122222222222222,4.61888888888889,8.519999999999996,13.148888888888893,32.79888888888891,1.4,4.683333333333332,8.612222222222222,13.388888888888884,32.764444444444464,1.3888888888888888,4.659999999999999,8.559999999999997,13.193333333333339,32.764444444444464,0.6641666666666667,4.304999999999999,8.269166666666665,12.6,31.405000000000012,N2
98,1.3685714285714285,4.610952380952379,8.560952380952385,13.152380952380977,32.70142857142858,1.434444444444444,4.6355555555555545,8.493333333333327,13.018888888888881,32.673333333333375,1.3866666666666667,4.6288888888888895,8.551111111111103,13.16666666666666,32.64444444444448,1.455555555555556,4.694444444444443,8.715555555555547,13.241111111111111,32.71555555555559,1.421111111111111,4.600000000000002,8.48666666666666,13.211111111111107,32.663333333333355,0.6766666666666665,4.295833333333333,8.244166666666667,12.599999999999996,31.331666666666667,N3
99,1.7623809523809528,4.78,8.570952380952379,13.393809523809521,32.85142857142857,1.6399999999999997,4.6977777777777785,8.44666666666666,13.21888888888889,32.65999999999998,1.6966666666666663,4.766666666666666,8.60666666666666,13.36888888888889,32.855555555555526,1.702222222222222,4.809999999999999,8.562222222222214,13.34222222222223,32.79555555555555,1.5877777777777775,4.736666666666666,8.551111111111107,13.297777777777778,32.709999999999994,0.8033333333333333,4.3525,8.2875,12.6575,31.3475,REM
100,1.2523809523809528,4.642380952380946,8.63,13.214761904761925,31.829047619047586,1.4044444444444444,4.6755555555555555,8.661111111111104,13.29444444444445,31.85111111111112,1.2355555555555555,4.664444444444441,8.676666666666655,13.210000000000004,31.72444444444447,1.3611111111111107,4.686666666666662,8.679999999999987,13.331111111111115,31.892222222222255,1.4044444444444448,4.744444444444446,8.721111111111103,13.307777777777778,31.828888888888894,0.6450000000000001,4.3425,8.346666666666664,12.614166666666666,30.891666666666676,N2
101,1.5557142857142858,4.948571428571427,8.836190476190472,13.422380952380971,32.989047619047646,1.6800000000000006,5.032222222222221,8.804444444444442,13.40555555555555,33.035555555555526,1.6499999999999997,4.993333333333332,8.782222222222222,13.324444444444442,33.09999999999999,1.5388888888888885,4.9477777777777785,8.769999999999998,13.393333333333333,33.07444444444446,1.581111111111111,4.969999999999998,8.781111111111112,13.24777777777778,33.02666666666667,0.8608333333333332,4.5391666666666675,8.425,12.729999999999995,31.53666666666667,N2
102,1.4771428571428573,4.818095238095238,8.696190476190472,13.28571428571429,32.935238095238105,1.5633333333333332,4.866666666666665,8.657777777777783,13.240000000000002,33.01777777777778,1.5866666666666664,4.867777777777777,8.671111111111117,13.132222222222218,32.999999999999986,1.4188888888888886,4.836666666666668,8.682222222222226,13.337777777777779,32.995555555555555,1.5099999999999993,4.851111111111111,8.631111111111117,13.187777777777784,32.95777777777778,0.8125,4.467500000000001,8.354166666666666,12.598333333333333,31.506666666666664,N3
103,1.625714285714285,5.117142857142856,8.662380952380952,13.682380952380946,34.21666666666666,1.6722222222222232,5.052222222222222,8.67,13.596666666666668,33.178888888888885,1.632222222222222,5.09,8.63,13.47333333333333,34.19444444444444,1.668888888888889,5.130000000000001,8.659999999999997,13.680000000000003,34.217777777777776,1.7288888888888894,5.140000000000001,8.736666666666663,13.644444444444442,33.58333333333333,0.8408333333333334,4.559166666666667,8.4,12.809166666666666,31.771666666666665,N2
104,1.4300000000000002,4.749523809523817,8.68904761904762,13.397619047619031,32.71571428571429,1.543333333333333,4.7988888888888885,8.675555555555558,13.440000000000001,32.603333333333325,1.491111111111111,4.738888888888888,8.581111111111111,13.338888888888894,32.7711111111111,1.4144444444444446,4.739999999999997,8.63555555555556,13.386666666666674,32.75888888888887,1.4622222222222219,4.75111111111111,8.608888888888895,13.335555555555558,32.74666666666663,0.7375,4.383333333333334,8.308333333333334,12.683333333333337,31.39416666666666,N2
105,1.6199999999999999,5.1471428571428595,8.682380952380957,13.320476190476187,32.21238095238096,1.7588888888888896,5.253333333333334,8.757777777777779,13.41,32.09333333333333,1.8722222222222213,5.47777777777778,8.82111111111111,13.578888888888885,32.839999999999996,1.8922222222222227,5.386666666666666,8.835555555555556,13.53555555555556,32.788888888888906,1.883333333333333,5.328888888888889,8.890000000000006,13.541111111111118,32.349999999999994,0.9174999999999998,4.720833333333333,8.48,12.905833333333332,31.6275,REM
106,1.4728571428571424,4.64571428571429,8.538571428571435,13.383333333333333,32.974761904761884,1.4077777777777774,4.6000000000000005,8.472222222222218,13.104444444444441,32.84888888888891,1.4522222222222223,4.637777777777777,8.475555555555548,13.177777777777777,32.854444444444475,1.5733333333333333,4.760000000000001,8.61888888888889,13.63,33.087777777777774,1.4166666666666672,4.602222222222223,8.466666666666661,13.004444444444445,32.83111111111113,0.6233333333333333,4.237500000000001,8.189166666666667,12.40083333333333,31.392499999999995,N3
107,1.6909523809523805,4.6742857142857135,8.481428571428571,13.387142857142853,33.13952380952379,1.907777777777778,4.7811111111111115,8.622222222222218,13.413333333333329,33.01,1.8866666666666658,4.692222222222222,8.489999999999993,13.343333333333343,32.967777777777776,1.8344444444444454,4.848888888888888,8.646666666666672,13.674444444444447,33.30666666666664,2.039999999999999,4.822222222222222,8.62222222222222,13.488888888888889,32.98666666666666,0.8825000000000002,4.347499999999999,8.270833333333334,12.685000000000002,31.454999999999995,REM
108,1.0790476190476177,4.4323809523809485,8.384761904761904,13.120952380952389,32.74000000000002,1.0988888888888888,4.425555555555556,8.34,13.005555555555551,32.74555555555558,1.176666666666667,4.502222222222224,8.396666666666667,13.153333333333324,32.80444444444447,1.012222222222222,4.435555555555555,8.34666666666667,13.110000000000001,32.736666666666665,1.0555555555555551,4.434444444444446,8.411111111111111,13.102222222222217,32.65111111111114,0.5308333333333334,4.186666666666667,8.154166666666667,12.491666666666667,31.34333333333333,N2
109,1.1957142857142857,4.465714285714285,8.434761904761903,13.172857142857145,32.43523809523808,1.2900000000000005,4.494444444444446,8.406666666666663,13.163333333333327,32.52333333333334,1.2977777777777777,4.503333333333334,8.456666666666665,13.199999999999996,32.61000000000001,1.246666666666666,4.513333333333334,8.455555555555561,13.23888888888889,32.39555555555553,1.3333333333333333,4.484444444444445,8.401111111111112,13.149999999999997,32.29111111111112,0.5808333333333333,4.212500000000001,8.151666666666666,12.515833333333331,31.170833333333334,Awake
110,1.4823809523809524,4.764285714285716,8.786190476190475,13.556666666666665,31.689523809523806,1.4799999999999995,4.715555555555558,8.706666666666662,13.292222222222227,31.703333333333354,1.4322222222222225,4.732222222222223,8.68777777777777,13.291111111111107,31.564444444444465,1.5911111111111107,4.857777777777779,8.831111111111111,13.688888888888886,31.658888888888892,1.4722222222222223,4.686666666666669,8.647777777777767,13.23444444444444,31.34111111111114,0.6658333333333333,4.310833333333334,8.291666666666666,12.554166666666667,30.680833333333336,N2
111,1.2038095238095232,4.619047619047619,8.446666666666667,13.065714285714291,33.51047619047618,1.2911111111111113,4.7233333333333345,8.634444444444448,13.414444444444436,36.06333333333337,1.3344444444444443,4.701111111111111,8.599999999999994,13.336666666666666,34.36444444444445,1.2633333333333334,4.749999999999999,8.537777777777775,13.078888888888887,33.18777777777779,1.3955555555555554,4.827777777777778,8.748888888888889,13.20111111111111,33.20888888888889,0.7675000000000002,4.439166666666667,8.56,12.598333333333334,31.750833333333336,N3
112,1.6404761904761904,4.907619047619054,8.685714285714283,13.20714285714285,33.04285714285716,1.6288888888888888,4.9444444444444455,8.720000000000002,13.108888888888888,33.11,1.6266666666666667,4.9222222222222225,8.71666666666667,13.102222222222222,33.33222222222222,1.647777777777778,4.932222222222223,8.664444444444447,13.07333333333334,33.06777777777776,1.6155555555555556,4.922222222222222,8.711111111111116,13.02888888888889,32.96222222222221,0.7858333333333335,4.430833333333334,8.323333333333334,12.480833333333338,31.47166666666666,N2
113,1.751904761904761,4.955238095238093,8.591428571428569,13.055714285714282,32.867142857142845,1.682222222222222,4.917777777777778,8.577777777777781,13.027777777777775,32.840000000000025,1.6688888888888884,4.926666666666665,8.574444444444447,12.981111111111108,32.87222222222225,1.7277777777777765,4.902222222222222,8.554444444444442,12.947777777777771,32.83000000000003,1.6655555555555546,4.8400000000000025,8.548888888888886,13.066666666666661,32.84333333333336,0.7758333333333333,4.378333333333332,8.255833333333332,12.43833333333333,31.401666666666664,N3
114,1.5485714285714276,4.788571428571433,8.542857142857153,13.227142857142862,32.760952380952354,1.461111111111111,4.803333333333333,8.54999999999999,13.22444444444444,32.741111111111145,1.4511111111111115,4.795555555555554,8.554444444444437,13.212222222222222,32.76777777777781,1.543333333333333,4.753333333333335,8.488888888888882,13.236666666666663,32.75111111111114,1.483333333333334,4.761111111111112,8.555555555555546,13.233333333333325,32.73888888888893,0.6908333333333332,4.3358333333333325,8.262499999999998,12.58833333333333,31.321666666666673,N2
115,1.389047619047619,4.598571428571433,8.443809523809529,12.904285714285722,32.78761904761902,1.3577777777777782,4.705555555555557,8.56666666666666,12.989999999999998,32.84000000000003,1.352222222222222,4.66,8.489999999999993,12.79666666666666,32.816666666666684,1.4077777777777785,4.655555555555558,8.47777777777777,13.01222222222222,32.88555555555558,1.3511111111111112,4.673333333333334,8.503333333333329,12.816666666666661,32.83333333333336,0.6500000000000001,4.3275,8.242499999999998,12.441666666666666,31.420000000000005,N3
116,1.3695238095238094,4.638095238095236,8.42761904761905,13.220952380952378,33.0257142857143,1.7899999999999994,4.915555555555556,8.568888888888884,13.29333333333333,33.06222222222222,1.7511111111111097,4.88111111111111,8.54333333333333,13.098888888888887,33.024444444444434,1.7333333333333334,4.867777777777778,8.529999999999998,13.57777777777777,33.22777777777778,1.8077777777777773,4.982222222222224,8.61777777777778,13.359999999999998,33.13777777777777,0.83,4.4333333333333345,8.303333333333335,12.666666666666666,31.535833333333333,REM
117,1.3066666666666666,4.614761904761904,8.55380952380953,13.418571428571422,33.10619047619047,1.3244444444444434,4.625555555555555,8.575555555555555,13.41666666666667,33.063333333333354,1.3288888888888886,4.627777777777776,8.559999999999999,13.405555555555555,32.97555555555557,1.2922222222222224,4.629999999999999,8.643333333333334,13.45,32.96666666666667,1.323333333333333,4.659999999999998,8.612222222222224,13.45111111111112,32.682222222222215,0.6333333333333332,4.319999999999999,8.32,12.696666666666665,31.382499999999997,Awake
118,1.3504761904761904,4.590476190476192,8.411904761904767,12.853809523809518,32.78904761904766,1.3633333333333337,4.531111111111111,8.37777777777777,12.715555555555547,32.714444444444474,1.7722222222222226,4.683333333333334,8.426666666666659,12.84444444444444,32.8588888888889,1.4122222222222223,4.60888888888889,8.411111111111104,12.82333333333333,32.7822222222222,1.5033333333333339,4.59888888888889,8.397777777777769,12.738888888888887,32.662222222222226,0.7575,4.283333333333333,8.193333333333333,12.395,31.414166666666667,N2
119,1.1580952380952392,4.537142857142854,8.398571428571431,12.845714285714301,32.714761904761886,1.0444444444444438,4.476666666666667,8.372222222222215,12.74444444444444,32.74222222222224,1.3811111111111116,4.6655555555555575,8.446666666666655,12.838888888888892,32.86444444444446,1.1244444444444446,4.487777777777776,8.386666666666654,12.761111111111104,32.753333333333366,1.1944444444444446,4.533333333333335,8.39888888888888,12.729999999999995,32.73666666666669,0.5875,4.260833333333334,8.204166666666666,12.41583333333333,31.412500000000016,N3
120,1.2214285714285715,4.552857142857137,8.415238095238092,12.979047619047629,32.75904761904765,1.227777777777778,4.484444444444444,8.356666666666657,12.75333333333333,32.808888888888916,1.5855555555555558,4.592222222222224,8.391111111111105,12.9,33.1488888888889,1.301111111111111,4.572222222222223,8.40555555555555,12.921111111111108,32.839999999999996,1.407777777777778,4.567777777777778,8.397777777777772,12.783333333333326,32.72555555555557,0.7108333333333335,4.278333333333334,8.194166666666668,12.472499999999998,31.379166666666663,REM
121,1.1852380952380956,4.535238095238092,8.436190476190477,13.134285714285737,32.59190476190476,1.1644444444444446,4.488888888888891,8.37666666666666,13.084444444444431,32.504444444444474,1.3066666666666664,4.54777777777778,8.40888888888888,13.124444444444443,32.74111111111114,1.1633333333333327,4.484444444444443,8.389999999999988,13.097777777777766,32.56000000000004,1.2622222222222226,4.537777777777778,8.411111111111103,13.10333333333333,32.54666666666669,0.62,4.259166666666667,8.2125,12.59083333333333,31.262500000000006,N3
122,1.3376190476190482,4.6095238095238065,8.537142857142854,13.180476190476194,31.6957142857143,1.2788888888888894,4.5277777777777795,8.46555555555555,13.101111111111102,31.540000000000028,1.692222222222222,4.668888888888888,8.52666666666666,13.23444444444445,31.730000000000018,1.392222222222222,4.615555555555558,8.563333333333327,13.172222222222215,31.588888888888867,1.4411111111111112,4.58888888888889,8.492222222222216,13.151111111111108,31.64555555555556,0.7200000000000003,4.316666666666666,8.299166666666668,12.587499999999999,30.782500000000006,REM
123,1.211904761904762,4.705238095238096,8.619047619047619,12.867142857142852,30.907619047619082,1.163333333333333,4.647777777777777,8.548888888888879,12.732222222222216,30.755555555555585,1.438888888888889,4.778888888888891,8.595555555555544,13.18444444444445,32.114444444444445,1.173333333333333,4.68666666666667,8.579999999999993,12.816666666666665,30.89222222222221,1.2133333333333334,4.666666666666667,8.563333333333325,12.80111111111111,30.8488888888889,0.6233333333333334,4.325000000000002,8.285,12.405833333333334,30.428333333333335,N2
124,1.3319047619047624,4.625238095238094,8.478571428571433,13.001428571428564,32.66857142857145,1.301111111111111,4.639999999999996,8.494444444444438,13.018888888888887,32.5688888888889,1.2966666666666666,4.652222222222221,8.48666666666666,12.996666666666664,32.421111111111124,1.4177777777777767,4.876666666666669,8.697777777777773,13.297777777777775,32.22222222222223,1.3344444444444443,4.683333333333332,8.557777777777773,13.131111111111105,32.10555555555557,0.6583333333333332,4.345000000000001,8.265833333333335,12.514166666666664,31.042500000000004,Awake
125,1.3161904761904772,4.562857142857144,8.462380952380952,12.881904761904757,32.72285714285716,1.2944444444444445,4.5666666666666655,8.467777777777775,12.915555555555551,32.624444444444464,1.3166666666666669,4.602222222222221,8.476666666666663,12.925555555555553,32.56000000000001,1.3988888888888888,4.797777777777779,8.659999999999998,13.136666666666668,32.48666666666667,1.3588888888888888,4.673333333333334,8.584444444444442,13.066666666666665,32.48111111111112,0.6666666666666667,4.318333333333333,8.265833333333335,12.48916666666667,31.19916666666667,Awake
126,1.4190476190476198,4.545238095238092,8.441428571428577,12.781904761904778,32.661904761904765,1.3833333333333337,4.52111111111111,8.424444444444434,12.745555555555551,32.59111111111113,1.3711111111111107,4.523333333333334,8.421111111111102,12.739999999999997,32.55555555555559,1.4433333333333338,4.653333333333333,8.546666666666665,12.851111111111114,32.532222222222245,1.4166666666666663,4.545555555555555,8.46555555555555,12.795555555555554,32.53000000000004,0.6741666666666668,4.2675,8.2175,12.374999999999996,31.25166666666667,N3
127,1.3790476190476209,4.537142857142856,8.433809523809527,12.813809523809544,32.70666666666667,1.3344444444444445,4.4944444444444445,8.40444444444444,12.733333333333324,32.63111111111113,1.3511111111111105,4.49111111111111,8.393333333333326,12.697777777777768,32.64777777777781,1.398888888888889,4.575555555555554,8.477777777777773,12.792222222222223,32.6177777777778,1.3855555555555557,4.489999999999998,8.406666666666661,12.733333333333325,32.6366666666667,0.6591666666666665,4.235000000000001,8.198333333333334,12.352499999999997,31.313333333333333,Awake
128,1.0452380952380953,4.434285714285707,8.337142857142851,12.7761904761905,32.74523809523809,0.9366666666666664,4.37777777777778,8.318888888888889,12.732222222222205,32.656666666666695,0.9511111111111112,4.3877777777777816,8.33,12.646666666666652,32.67333333333337,0.9855555555555554,4.4300000000000015,8.371111111111105,12.68999999999999,32.680000000000035,0.9544444444444443,4.385555555555556,8.335555555555551,12.639999999999985,32.65333333333336,0.480833333333333,4.198333333333335,8.17,12.31916666666666,31.32583333333333,REM
129,1.2404761904761896,4.508571428571426,8.439523809523807,12.990000000000009,32.67523809523811,1.2088888888888885,4.496666666666667,8.428888888888881,12.937777777777777,32.65000000000003,1.23,4.536666666666667,8.461111111111107,12.89555555555555,32.71777777777779,1.293333333333333,4.65888888888889,8.546666666666662,12.972222222222221,32.71111111111113,1.2322222222222219,4.544444444444444,8.478888888888884,12.901111111111108,32.681111111111136,0.6158333333333333,4.274166666666667,8.237499999999999,12.440833333333332,31.348333333333333,N2
130,1.334761904761906,4.508571428571423,8.455714285714288,13.15047619047621,32.232380952380964,1.301111111111111,4.464444444444442,8.405555555555546,13.12888888888888,32.132222222222246,1.3088888888888888,4.464444444444442,8.392222222222216,13.118888888888879,32.13777777777779,1.3599999999999999,4.533333333333332,8.463333333333326,13.169999999999995,32.17888888888892,1.324444444444444,4.458888888888887,8.398888888888882,13.12666666666666,32.11888888888892,0.6291666666666667,4.225000000000001,8.190000000000001,12.559999999999995,31.05583333333333,N3
131,1.5299999999999998,4.762857142857146,8.529047619047628,13.09523809523809,32.97761904761905,1.548888888888889,4.884444444444445,8.57333333333333,13.084444444444449,32.833333333333336,1.6266666666666665,4.935555555555557,8.571111111111112,13.088888888888892,32.794444444444444,1.5533333333333332,4.807777777777776,8.566666666666668,13.067777777777774,32.88333333333331,1.5288888888888887,4.809999999999999,8.564444444444446,13.08666666666667,32.72,0.7499999999999998,4.400833333333333,8.307500000000001,12.5925,31.37416666666667,N2
132,1.3576190476190477,4.522857142857139,8.390000000000004,12.852857142857166,32.81714285714282,1.315555555555556,4.5411111111111095,8.37555555555555,12.706666666666656,32.61111111111115,1.3566666666666667,4.567777777777776,8.415555555555548,12.77444444444444,32.78000000000004,1.3911111111111116,4.532222222222222,8.39777777777777,12.891111111111105,32.771111111111146,1.34,4.56,8.406666666666657,12.939999999999996,32.71333333333337,0.6191666666666668,4.260000000000001,8.1925,12.435833333333331,31.318333333333335,N3
133,1.405714285714286,4.4990476190476185,8.327142857142855,12.877142857142864,32.85952380952379,1.9288888888888884,4.768888888888888,8.404444444444442,12.881111111111109,33.33222222222222,1.6377777777777776,4.6866666666666665,8.40111111111111,12.84777777777777,33.36333333333334,1.5544444444444447,4.622222222222222,8.363333333333337,12.934444444444443,32.745555555555576,1.8566666666666671,4.754444444444445,8.412222222222223,12.905555555555555,32.73222222222223,0.9183333333333333,4.370000000000001,8.195833333333333,12.409166666666662,31.3725,Awake
134,1.6733333333333338,4.653809523809525,8.452380952380954,13.115714285714294,32.962857142857125,1.9400000000000002,4.776666666666667,8.488888888888878,13.142222222222221,32.99,1.8644444444444446,4.766666666666667,8.495555555555548,13.144444444444439,32.954444444444434,1.7444444444444447,4.706666666666668,8.454444444444437,13.095555555555553,32.89222222222222,1.98,4.787777777777778,8.519999999999998,13.134444444444444,32.9511111111111,0.9650000000000001,4.389166666666667,8.243333333333332,12.528333333333334,31.435,N1
135,1.7471428571428576,4.704285714285717,8.497142857142869,13.220476190476182,32.84952380952381,1.8122222222222217,4.775555555555558,8.507777777777772,13.230000000000006,32.87111111111111,1.7866666666666668,4.762222222222224,8.505555555555551,13.222222222222227,32.824444444444445,1.8455555555555554,4.8444444444444414,8.60333333333333,13.465555555555557,32.901111111111085,1.8599999999999994,4.79777777777778,8.56222222222222,13.371111111111118,32.90222222222221,0.8983333333333332,4.3725000000000005,8.249166666666666,12.574166666666672,31.409166666666668,REM
136,1.4342857142857148,4.597619047619047,8.516666666666675,13.33761904761903,32.515238095238075,1.5177777777777774,4.658888888888889,8.55555555555555,13.414444444444442,32.58666666666669,1.505555555555556,4.6722222222222225,8.503333333333329,13.423333333333327,32.57555555555557,1.5299999999999998,4.686666666666667,8.54555555555555,13.482222222222228,32.568888888888885,1.5388888888888894,4.661111111111114,8.524444444444443,13.432222222222228,32.55222222222223,0.7116666666666664,4.3125,8.261666666666665,12.674166666666668,31.280833333333337,N2
137,1.457142857142857,4.675714285714285,8.617142857142861,13.02857142857146,31.72476190476189,1.4422222222222223,4.726666666666665,8.635555555555547,13.096666666666668,31.670000000000034,1.434444444444445,4.688888888888887,8.628888888888882,13.074444444444437,31.75444444444448,1.4644444444444447,4.696666666666668,8.643333333333326,13.095555555555553,31.79444444444446,1.424444444444444,4.687777777777778,8.637777777777771,13.079999999999998,31.712222222222252,0.6750000000000002,4.319166666666666,8.305,12.531666666666665,30.83416666666667,N3
138,1.1876190476190462,4.569999999999999,8.482380952380959,13.009523809523806,32.79428571428568,1.19,4.617777777777778,8.514444444444434,13.243333333333334,32.84000000000003,1.2033333333333334,4.5888888888888895,8.475555555555548,12.952222222222222,32.83555555555559,1.2,4.573333333333336,8.47666666666666,12.855555555555556,32.84666666666668,1.2099999999999997,4.5811111111111105,8.46888888888888,12.84555555555556,32.75000000000003,0.5916666666666667,4.286666666666666,8.231666666666664,12.453333333333335,31.410000000000007,Awake
139,1.235714285714285,4.554285714285713,8.473809523809535,12.969523809523817,32.82904761904758,1.206666666666666,4.557777777777777,8.459999999999994,12.891111111111108,32.8066666666667,1.2333333333333332,4.562222222222221,8.461111111111105,13.143333333333333,32.86111111111114,1.2422222222222221,4.552222222222224,8.454444444444437,12.876666666666665,32.86444444444446,1.2366666666666664,4.586666666666668,8.48777777777777,12.944444444444441,32.89555555555558,0.5958333333333333,4.2775,8.229166666666664,12.482499999999998,31.42000000000001,N2
140,1.45,4.564285714285717,8.43095238095239,12.80190476190478,32.73238095238093,1.4111111111111112,4.55777777777778,8.411111111111104,12.927777777777777,32.72666666666668,1.4155555555555561,4.551111111111112,8.406666666666661,12.766666666666664,32.7066666666667,1.452222222222222,4.568888888888892,8.426666666666657,12.943333333333332,32.82444444444448,1.403333333333333,4.5566666666666675,8.40888888888888,12.81222222222222,32.75333333333337,0.6933333333333331,4.260000000000001,8.198333333333332,12.384166666666662,31.34666666666667,N3
141,1.6700000000000008,4.855714285714285,8.530952380952382,13.137619047619047,32.90714285714286,1.8366666666666658,4.946666666666668,8.63444444444444,13.39777777777778,32.87555555555554,1.7777777777777768,4.84111111111111,8.518888888888885,13.204444444444443,32.92555555555557,1.8633333333333326,5.04,8.623333333333342,13.43222222222221,33.17000000000001,1.8400000000000005,4.916666666666667,8.59888888888889,13.236666666666672,33.00111111111109,0.8574999999999999,4.422499999999999,8.277499999999998,12.680833333333332,31.470000000000002,REM
142,1.2219047619047612,4.589047619047621,8.58380952380953,13.357619047619034,32.72285714285712,1.25,4.591111111111112,8.563333333333325,13.406666666666673,32.72666666666668,1.2688888888888883,4.603333333333334,8.579999999999995,13.396666666666675,32.78,1.2133333333333334,4.621111111111113,8.573333333333327,13.361111111111105,32.822222222222216,1.2611111111111104,4.578888888888891,8.51444444444444,13.335555555555562,32.81000000000001,0.6166666666666667,4.3050000000000015,8.344999999999999,12.690000000000001,31.38416666666667,N2
143,1.117619047619047,4.536666666666664,8.567619047619056,13.255238095238088,32.10428571428567,1.1233333333333329,4.633333333333331,8.684444444444434,13.30888888888889,32.21555555555559,1.1344444444444441,4.57888888888889,8.677777777777768,13.286666666666664,32.21000000000003,1.142222222222222,4.602222222222222,8.645555555555552,13.284444444444443,32.040000000000006,1.1766666666666665,4.562222222222222,8.605555555555547,13.267777777777773,32.03111111111113,0.5700000000000001,4.271666666666667,8.339999999999998,12.643333333333333,31.177500000000002,Awake
144,1.5357142857142863,4.677619047619051,8.526666666666666,12.951428571428561,32.441428571428546,1.576666666666666,4.742222222222222,8.552222222222223,12.941111111111109,32.43555555555557,1.5788888888888886,4.762222222222223,8.554444444444444,13.006666666666666,32.525555555555556,1.5455555555555556,4.733333333333335,8.541111111111109,13.024444444444443,32.49555555555556,1.4733333333333338,4.648888888888886,8.510000000000002,13.215555555555557,32.636666666666684,0.7599999999999999,4.3525,8.2675,12.438333333333334,31.252500000000005,N2
145,1.5400000000000007,4.723809523809528,8.494285714285715,12.813809523809534,32.721904761904746,1.5455555555555551,4.743333333333334,8.47777777777777,12.776666666666666,32.74444444444447,1.5533333333333328,4.759999999999999,8.489999999999993,12.783333333333331,32.73111111111114,1.5433333333333334,4.723333333333334,8.475555555555548,12.82222222222222,32.66333333333337,1.508888888888889,4.64777777777778,8.449999999999992,12.899999999999997,32.7766666666667,0.7633333333333334,4.347499999999998,8.231666666666664,12.384999999999994,31.400833333333345,N3
146,1.3604761904761913,4.628095238095241,8.464761904761907,12.789523809523823,32.74142857142854,1.3966666666666665,4.6755555555555555,8.51555555555555,13.044444444444439,32.775555555555584,1.3799999999999994,4.644444444444447,8.447777777777771,12.919999999999991,32.75111111111114,1.3944444444444444,4.642222222222224,8.44555555555555,12.712222222222218,32.60555555555558,1.3866666666666663,4.62888888888889,8.453333333333326,12.843333333333327,32.686666666666696,0.6791666666666666,4.3149999999999995,8.226666666666665,12.450833333333328,31.360000000000007,Awake
147,1.176190476190475,4.579523809523813,8.457619047619051,12.776190476190488,32.76190476190475,1.203333333333333,4.602222222222223,8.452222222222217,12.778888888888885,32.816666666666684,1.1755555555555557,4.565555555555557,8.428888888888885,12.752222222222215,32.75000000000003,1.2077777777777776,4.57666666666667,8.442222222222219,12.852222222222217,32.76777777777781,1.1522222222222218,4.545555555555555,8.418888888888883,13.018888888888881,32.79666666666669,0.5725000000000001,4.283333333333333,8.210833333333332,12.379999999999995,31.37083333333334,N2
148,1.3752380952380965,4.596666666666671,8.440476190476188,12.773809523809541,32.72047619047617,1.3811111111111112,4.619999999999999,8.435555555555545,12.709999999999994,32.65666666666671,1.38,4.62777777777778,8.454444444444436,12.751111111111108,32.702222222222254,1.3744444444444448,4.601111111111114,8.434444444444436,12.91222222222222,32.76000000000003,1.3655555555555559,4.600000000000001,8.432222222222215,12.859999999999998,32.71333333333336,0.6766666666666664,4.302499999999999,8.218333333333332,12.356666666666662,31.32416666666667,Awake
149,1.447142857142858,4.630000000000003,8.431904761904768,12.964285714285737,32.70476190476191,1.4600000000000004,4.636666666666668,8.441111111111104,13.049999999999997,32.71888888888892,1.4411111111111112,4.620000000000001,8.418888888888878,13.09444444444444,32.71888888888892,1.4488888888888887,4.628888888888891,8.425555555555547,12.888888888888884,32.68888888888891,1.4377777777777783,4.596666666666667,8.417777777777768,13.082222222222217,32.65000000000003,0.7149999999999999,4.291666666666667,8.209999999999999,12.574999999999996,31.335,N3
150,1.8338095238095244,4.919047619047622,8.523809523809522,13.373809523809525,32.790952380952376,1.8899999999999992,4.906666666666667,8.538888888888884,13.357777777777779,32.70666666666666,1.8888888888888893,4.923333333333336,8.547777777777775,13.364444444444445,32.777777777777764,1.9377777777777772,5.0055555555555555,8.583333333333332,13.406666666666675,32.83777777777777,1.9222222222222216,4.993333333333336,8.668888888888885,13.392222222222225,32.67222222222221,0.9241666666666664,4.442500000000001,8.27,12.675833333333337,31.358333333333334,N1
151,1.1476190476190464,4.604285714285712,8.617142857142863,13.162380952380962,31.799523809523798,1.182222222222222,4.65,8.6611111111111,13.186666666666666,31.822222222222262,1.2033333333333331,4.615555555555555,8.642222222222212,13.206666666666669,31.83444444444447,1.1644444444444437,4.557777777777778,8.56777777777777,13.142222222222216,31.787777777777787,1.1055555555555554,4.573333333333334,8.59666666666666,13.121111111111105,31.642222222222244,0.5775000000000001,4.328333333333334,8.335833333333332,12.585833333333332,30.873333333333342,N2
152,1.6257142857142854,4.930476190476191,8.708095238095238,13.171904761904756,32.8095238095238,1.734444444444444,5.042222222222221,8.791111111111118,13.12777777777778,32.65111111111111,1.715555555555555,5.013333333333335,8.782222222222229,13.114444444444448,32.78333333333333,1.6622222222222225,4.963333333333335,8.724444444444448,13.158888888888894,32.073333333333316,1.616666666666667,4.896666666666666,8.698888888888895,13.07111111111111,32.06444444444443,0.8191666666666667,4.4766666666666675,8.359166666666669,12.517500000000004,31.227499999999996,N2
153,1.4966666666666675,4.764285714285716,8.53761904761904,12.870476190476175,32.53285714285716,1.43,4.713333333333332,8.505555555555551,12.846666666666668,32.75666666666669,1.4122222222222227,4.72111111111111,8.51111111111111,12.938888888888886,32.826666666666675,1.4877777777777774,4.764444444444442,8.52,12.856666666666667,32.29333333333334,1.4411111111111112,4.693333333333334,8.493333333333327,12.784444444444446,32.21000000000002,0.6883333333333331,4.330833333333332,8.244166666666667,12.378333333333332,31.222500000000007,N3
154,1.413333333333334,4.673809523809529,8.473809523809534,12.873333333333337,32.78999999999998,1.375555555555556,4.644444444444447,8.443333333333324,12.727777777777776,32.42555555555558,1.3444444444444452,4.647777777777779,8.451111111111105,12.742222222222212,32.62666666666668,1.426666666666667,4.695555555555557,8.492222222222217,12.798888888888888,32.227777777777796,1.4055555555555561,4.674444444444448,8.47888888888888,12.767777777777779,32.09888888888892,0.6716666666666665,4.309166666666666,8.223333333333331,12.354999999999995,31.135833333333334,N3
155,1.425714285714285,4.777142857142861,8.632857142857137,13.198571428571421,32.912857142857156,1.4388888888888889,4.795555555555557,8.595555555555558,13.055555555555555,32.88,1.4266666666666667,4.7555555555555555,8.591111111111111,13.245555555555557,32.839999999999996,1.3955555555555559,4.73222222222222,8.592222222222228,13.017777777777777,32.87333333333331,1.4000000000000001,4.74888888888889,8.622222222222229,13.023333333333335,32.823333333333316,0.7008333333333333,4.383333333333334,8.305833333333334,12.49666666666667,31.422500000000007,N2
156,1.3176190476190472,4.685714285714296,8.606190476190486,13.290952380952369,32.434285714285714,1.3222222222222224,4.660000000000001,8.516666666666662,13.267777777777777,32.365555555555574,1.294444444444445,4.6333333333333355,8.56777777777777,13.24888888888889,32.32666666666669,1.2999999999999998,4.6366666666666685,8.516666666666662,13.291111111111118,32.43555555555556,1.3033333333333332,4.63111111111111,8.508888888888883,13.264444444444452,32.365555555555574,0.6441666666666667,4.320833333333334,8.259166666666664,12.625833333333333,31.164166666666674,N2
157,0.9195238095238095,4.369047619047608,8.260000000000012,12.621904761904783,32.60809523809524,0.9766666666666665,4.363333333333335,8.258888888888897,12.70777777777778,32.609999999999964,1.0411111111111109,4.393333333333334,8.274444444444452,12.587777777777776,32.54444444444443,1.0455555555555551,4.424444444444446,8.302222222222225,12.769999999999994,32.64777777777777,1.0055555555555555,4.394444444444447,8.28777777777778,12.762222222222219,32.660000000000004,0.5133333333333334,4.197500000000002,8.139999999999999,12.324999999999998,31.315,N2
158,0.8980952380952392,4.338571428571419,8.237142857142858,12.64904761904762,32.574761904761885,0.9033333333333327,4.336666666666667,8.243333333333343,12.641111111111117,32.641111111111094,0.8966666666666665,4.334444444444446,8.236666666666677,12.71555555555556,32.582222222222214,0.9366666666666663,4.350000000000002,8.238888888888896,12.70666666666667,32.60666666666665,0.9022222222222221,4.342222222222223,8.251111111111118,12.623333333333335,32.643333333333324,0.43833333333333335,4.170833333333334,8.125,12.296666666666665,31.28833333333333,N3
159,0.8747619047619056,4.317142857142857,8.239523809523808,12.625714285714288,32.58999999999998,0.8744444444444445,4.32,8.25222222222223,12.764444444444443,32.685555555555545,0.8866666666666663,4.325555555555557,8.251111111111122,12.744444444444447,32.63222222222221,0.9044444444444442,4.32888888888889,8.247777777777785,12.716666666666667,32.65777777777778,0.8855555555555553,4.324444444444444,8.243333333333343,12.818888888888893,32.657777777777774,0.44250000000000006,4.1575,8.124166666666667,12.33416666666667,31.3075,Diff
160,1.1961904761904758,4.38380952380952,8.335238095238092,12.881428571428573,32.72238095238096,1.2522222222222217,4.400000000000002,8.331111111111111,12.964444444444434,32.73555555555557,1.2633333333333332,4.413333333333335,8.340000000000005,12.87777777777777,32.684444444444466,1.3166666666666664,4.454444444444447,8.369999999999997,12.901111111111105,32.75333333333335,1.2855555555555553,4.457777777777777,8.349999999999996,13.029999999999989,32.73555555555557,0.6324999999999998,4.235833333333335,8.173333333333336,12.464166666666666,31.383333333333333,REM
161,1.2880952380952377,4.4157142857142775,8.359047619047615,12.912857142857158,32.69714285714287,1.3277777777777777,4.4233333333333364,8.348888888888892,13.123333333333328,32.68222222222223,1.3144444444444443,4.43777777777778,8.367777777777777,13.104444444444438,32.71444444444445,1.39,4.473333333333333,8.383333333333328,13.002222222222215,32.72777777777782,1.3733333333333335,4.4877777777777785,8.365555555555552,13.15444444444444,32.6766666666667,0.6524999999999997,4.228333333333335,8.168333333333333,12.539999999999997,31.34416666666667,N1
162,1.1799999999999997,4.491428571428567,8.330476190476181,12.901428571428603,32.682857142857145,1.241111111111111,4.507777777777777,8.437777777777777,13.141111111111105,32.65555555555557,1.2233333333333327,4.528888888888886,8.448888888888886,13.097777777777772,32.67333333333335,1.1722222222222223,4.495555555555555,8.348888888888892,13.0211111111111,32.68333333333333,1.1711111111111108,4.533333333333335,8.43,13.12999999999999,32.6288888888889,0.5925,4.2441666666666675,8.227500000000001,12.556666666666663,31.342499999999994,N2
163,0.9585714285714292,4.3728571428571374,8.370000000000005,13.051428571428591,32.54095238095239,0.9500000000000002,4.345555555555556,8.264444444444454,12.97222222222223,32.50999999999998,0.9777777777777776,4.384444444444446,8.336666666666673,13.015555555555554,32.534444444444446,1.0088888888888892,4.3644444444444455,8.271111111111116,13.029999999999998,32.59555555555556,0.9411111111111111,4.345555555555556,8.311111111111119,12.990000000000002,32.447777777777766,0.46583333333333315,4.173333333333334,8.1375,12.48,31.224166666666672,N3
164,1.02952380952381,4.429047619047609,8.384761904761907,13.072857142857154,32.18,1.0322222222222222,4.425555555555555,8.436666666666676,13.027777777777782,32.12333333333332,1.0288888888888887,4.504444444444443,8.466666666666669,13.035555555555556,32.12111111111111,1.0444444444444445,4.458888888888891,8.448888888888893,13.061111111111106,32.18111111111112,1.0244444444444443,4.503333333333334,8.46444444444445,13.02888888888889,32.129999999999995,0.49249999999999994,4.220833333333334,8.221666666666666,12.520833333333334,31.03083333333333,N2
